disasterNumber,lockedInCeilingAmount,mitigationDollarsAvailable,obligatedTotalAmount,pendingProjectsQuantity
4859,229302.0,275161.0,0.0,
1316,1611813.0,476420.0,1583458.0,0.0
1618,199721.0,96629.0,155550.0,0.0
4050,217491.0,470.0,227656.0,0.0
4572,12982796.0,7518161.91,7628432.09,53.0
1445,1778522.0,579491.0,1695298.0,0.0
1440,2396000.0,799452.0,2252775.0,0.0
5380,7787780.0,5087743.66,4257592.34,4.0
5389,0.0,0.0,0.0,
1423,542393.0,370783.0,316082.0,0.0
1843,4055613.0,774822.0,3479110.0,0.0
832,317013.0,0.0,340186.0,0.0
4667,227336.0,198601.33,74201.67,1.0
5284,454432.0,482704.7,62612.3,0.0
1992,311333.0,20450.76,306106.24,0.0
4546,2126644.0,332109.29,2148975.71,0.0
4054,204099.0,31433.0,182646.0,0.0
4363,2589351.0,1519585.18,1587635.82,0.0
5084,331166.0,347360.0,0.0,0.0
1859,19180137.0,10295406.26,9822639.74,0.0
5287,0.0,0.0,0.0,
5290,0.0,0.0,0.0,
4244,587278.0,485865.71,130130.29,0.0
1865,481195.0,0.0,504725.0,0.0
4518,3493281.0,677749.68,3397744.32,1.0
1438,803646.0,316772.0,716877.0,0.0
1399,539918.0,210127.0,484316.0,0.0
4052,146617.0,7566.0,146221.0,0.0
4082,947679.0,33824.0,960197.0,0.0
1317,658284.0,408601.0,438084.0,0.0
1442,2393022.0,675867.0,2304130.0,0.0
848,115879.0,68335.0,52701.0,0.0
1866,1416356.0,0.0,1485616.0,0.0
1870,3097396.0,1576515.0,1672344.0,0.0
5238,0.0,0.0,0.0,
4591,140000.0,163333.0,0.0,2.0
5311,0.0,0.0,0.0,
1466,4146632.0,2178710.0,3112794.0,0.0
1013,1985365.0,385010.0,1672707.0,1.0
1250,7207731.0,627752.0,6689836.0,0.0
1185,1834879.0,372250.0,1523734.0,0.0
1322,356004.0,152642.0,305250.0,0.0
1835,3357055.0,2152002.05,1369212.95,0.0
4259,4089897.0,1440619.74,2849273.26,0.0
1908,1139895.0,264224.0,931412.0,0.0
5205,425008.0,145.25,445645.75,0.0
4279,1044224.0,771453.87,323833.13,0.0
979,12416818.0,1360571.0,11492224.0,1.0
1203,39640629.0,4324792.0,36132902.0,22.0
1797,2087015.0,283855.0,1905215.0,0.0
1836,1292960.0,690110.0,666076.0,0.0
5613,0.0,0.0,0.0,
1766,25531906.0,8705461.0,18074955.0,0.0
5446,1573104.0,1367776.08,519947.92,0.0
4100,1347132.0,2773.0,1410234.0,0.0
1819,30676869.0,2218521.0,29958447.0,0.0
1975,11341479.0,3038104.77,8857972.23,0.0
1400,408983.0,420620.0,105414.0,0.0
5304,1416783.0,562918.39,1137220.61,0.0
5312,0.0,0.0,0.0,
4160,797872.0,41845.43,795042.57,0.0
4174,1725612.0,12431.94,1797562.06,0.0
5314,0.0,0.0,0.0,
4460,726726.0,31690.91,840380.09,0.0
4226,1934422.0,24380.96,2004634.04,0.0
1861,2245692.0,1138100.0,1217406.0,0.0
1872,1412465.0,62773.0,1418762.0,0.0
1666,486900.0,274886.0,339901.0,0.0
1584,468984.0,156416.0,435749.0,0.0
1571,532634.0,211187.0,464357.0,0.0
1176,644986.0,146930.0,525233.0,0.0
5315,0.0,0.0,0.0,
5612,0.0,0.0,0.0,
1663,1544050.0,691750.0,1257854.0,0.0
1796,2340984.0,667771.0,1787687.0,0.0
4391,206421.0,247705.0,0.0,0.0
1657,87638.0,36982.0,73741.0,0.0
1669,1513964.0,870797.0,1055799.0,0.0
1461,242065.0,100194.0,203999.0,0.0
1155,19781137.0,2612318.0,17586209.0,1.0
5340,0.0,0.0,0.0,
5522,0.0,0.0,0.0,
4585,6144750.0,6312778.96,856096.04,6.0
1005,10227728.0,1366128.0,9168962.0,2.0
5186,0.0,0.0,0.0,
5188,0.0,0.0,0.0,
4772,262373.0,314848.0,0.0,
4482,403653220.0,393813651.35,77115005.65,41.0
909,168293.0,0.0,180546.0,0.0
1352,427777.0,357788.0,192419.0,0.0
1044,34739521.0,344398.0,35136508.0,1.0
4856,852471255.0,1022965506.0,0.0,25.0
1261,1116580.0,339416.0,1096729.0,0.0
1362,697771.0,790867.0,106606.0,0.0
4501,65576180.0,61380735.31,15124807.69,9.0
1039,8551871.0,0.0,8719963.0,0.0
5424,2097472.0,2516966.0,0.0,
1842,2009776.0,1226256.0,881798.0,0.0
1789,2467003.0,1322689.98,1264949.02,0.0
1593,1646946.0,1125386.0,992916.0,0.0
4724,357980894.0,429577073.0,0.0,62.0
4242,1189331.0,332489.17,914999.83,0.0
4457,490859.0,562151.16,26879.84,0.0
1363,422206.0,111587.0,431125.0,0.0
1845,1494611.0,193298.0,1374399.0,0.0
4143,1163363.0,78785.41,1141465.59,0.0
1516,507255.0,242761.0,409670.0,0.0
1266,3989237.0,1472403.0,3634575.0,0.0
1528,254672.0,74211.0,253348.0,0.0
5507,985111.0,1182133.0,0.0,6.0
4436,82402.0,98881.0,0.0,
4514,37279347.0,32927620.53,10564950.47,5.0
5459,0.0,0.0,0.0,
826,258547.0,0.0,277307.0,0.0
1072,999977.0,93603.0,954373.0,0.0
1119,1315468.0,3979.0,1373341.0,0.0
1214,4450957.0,394940.0,4219176.0,0.0
890,206668.0,0.0,221254.0,0.0
4254,1901112.0,6148.96,1987927.04,0.0
1047,375120.0,3011.0,393509.0,0.0
4270,408720.0,27960.74,400745.26,0.0
1636,551738.0,140968.0,568677.0,0.0
1450,1430681.0,550017.0,1255425.0,0.0
1793,605482.0,26136.0,608954.0,0.0
1108,151500.0,3431.0,158280.0,0.0
1019,688330.0,797.0,724003.0,0.0
1034,2048280.0,97929.0,2037146.0,0.0
1804,380400.0,87640.0,311362.0,0.0
1070,6732557.0,506468.0,6427682.0,0.0
1472,1041633.0,264589.0,1075159.0,0.0
5460,0.0,0.0,0.0,
1744,1753769.0,146628.0,1692900.0,0.0
1751,7634699.0,740510.0,7267526.0,0.0
1758,786895.0,237443.0,587931.0,0.0
4480,315106756.0,188584036.75,179040512.25,8.0
1582,722587.0,452227.0,462000.0,0.0
4810,10614426.0,12737311.0,0.0,
1586,619099.0,690571.0,91326.0,0.0
1477,456073.0,207508.0,374643.0,0.0
4625,18480771.0,7094586.46,14466312.54,0.0
4124,1217384.0,49216.97,1227697.03,0.0
4847,0.0,0.0,0.0,
1208,3177963.0,339598.0,2957963.0,0.0
856,451939.0,128901.0,352454.0,0.0
1473,890852.0,240772.0,895330.0,0.0
1506,2192856.0,1007336.0,1791043.0,0.0
4225,2206926.0,950282.18,1364562.82,0.0
4192,97901.0,50453.37,52234.63,0.0
1581,572278.0,608015.0,112353.0,0.0
1347,1305047.0,328718.0,1343739.0,0.0
861,1691666.0,248204.0,1536474.0,0.0
1104,1601689.0,10319.0,1654695.0,0.0
907,298784.0,65384.0,248843.0,0.0
950,26350.0,0.0,28769.0,0.0
1422,917605.0,321058.0,831698.0,0.0
1660,1197487.0,397494.0,1123094.0,0.0
5426,2097472.0,2279331.6,237634.4,1.0
1950,71835.0,504.0,74844.0,0.0
1162,3797592.0,289033.0,3651921.0,0.0
1111,933279.0,288835.0,675392.0,0.0
865,811369.0,57794.0,804268.0,0.0
4594,2458760.0,1999828.0,868725.0,2.0
1888,1486947.0,513204.7,1046453.3,0.0
1940,1796520.0,742454.0,1141916.0,0.0
5386,584083.0,599754.37,101145.63,0.0
1529,2094179.0,1752489.0,895918.0,0.0
1205,278346.0,0.0,294298.0,1.0
1646,2091716.0,1253574.0,1394670.0,0.0
1342,952763.0,220972.0,1000930.0,0.0
4513,4220713.0,609659.01,4455196.99,1.0
1011,1624125.0,116780.0,1579441.0,0.0
996,31829750.0,138893.0,32504884.0,4.0
4261,10740208.0,14977.17,11250426.83,0.0
4158,6221975.0,1533537.32,4992692.68,0.0
4193,7482350.0,4211673.0,3636564.0,0.0
4206,139888.0,3693.75,143035.25,0.0
5325,0.0,0.0,0.0,
1785,16982845.0,2064901.0,15748405.0,0.0
4402,10334983.0,1851404.04,10550575.96,0.0
5332,0.0,0.0,0.0,
1952,11457103.0,1894918.49,10122435.51,0.0
4335,32951711.0,13125310.89,26284936.11,0.0
1911,6421500.0,4258381.25,2477129.75,0.0
4490,20923034.0,3066514.23,21343691.77,2.0
911,178754.0,0.0,192811.0,1.0
1884,7311533.0,94981.0,7574086.0,0.0
1304,463160.0,585270.0,10446.0,0.0
5374,0.0,0.0,0.0,
4763,161547.0,193855.0,0.0,
4558,130525642.0,94084121.68,58195794.32,10.0
4203,846871.0,845781.88,42501.12,0.0
5381,0.0,0.0,0.0,
5383,0.0,0.0,0.0,
943,892707.0,9891.0,942004.0,0.0
869,384615.0,0.0,410020.0,1.0
5417,0.0,0.0,0.0,
4426,732287.0,171926.75,706817.25,0.0
4142,66693.0,3346.52,66607.48,0.0
5439,0.0,0.0,0.0,
5445,0.0,0.0,0.0,
1505,3179622.0,1828309.0,2218157.0,0.0
1689,1500000.0,710413.0,1141292.0,0.0
4517,6679066.0,2306288.75,5485955.25,4.0
1163,16207111.0,2056031.0,14591601.0,2.0
5296,0.0,0.0,0.0,
5297,0.0,0.0,0.0,
4413,28538274.0,20232521.58,14013406.42,9.0
4188,4763957.0,1683882.08,3313031.92,0.0
1192,1340079.0,145780.0,1245840.0,1.0
5298,0.0,0.0,0.0,
5300,0.0,0.0,0.0,
5301,0.0,0.0,0.0,
5302,0.0,0.0,0.0,
5299,0.0,0.0,0.0,
5303,0.0,0.0,0.0,
1094,841685.0,0.0,887416.0,1.0
4302,406864.0,426760.0,0.0,
4083,724874.0,5214.02,755105.98,0.0
1016,1517576.0,182843.0,1403671.0,1.0
4465,15694707.0,5679883.45,13090984.55,0.0
5192,0.0,0.0,0.0,
4357,4201983.0,4001795.77,900517.23,0.0
1267,3229272.0,1962327.0,2167204.0,0.0
1810,9476000.0,1773304.25,8166071.75,0.0
1181,5516989.0,1647954.0,4031169.0,1.0
1046,19516997.0,368.0,19981617.0,1.0
872,155065.0,131.0,167114.0,0.0
942,777004.0,557069.0,235243.0,0.0
1251,10581012.0,-2607422.0,13298291.0,2.0
1038,249200.0,1029.0,261797.0,0.0
4632,331135.0,366874.88,19449.12,3.0
5523,0.0,0.0,0.0,
4578,1182820.0,128668.04,1251288.96,0.0
5280,0.0,0.0,0.0,
4420,45862262.0,16128889.03,38905824.97,2.0
5279,0.0,0.0,0.0,
4307,2689362.0,1104642.16,1716229.84,0.0
1050,1844297.0,0.0,1929451.0,1.0
4133,23772.0,3819.14,21114.86,0.0
4134,1094717.0,331704.43,816544.57,0.0
4145,64250197.0,10270730.71,57121301.29,0.0
4382,40492823.0,22643571.37,25947816.63,26.0
5505,0.0,0.0,0.0,
1421,351144.0,395181.0,55096.0,0.0
1001,4200000.0,0.0,4361615.0,1.0
1374,556932.0,223915.0,492411.0,0.0
5451,0.0,0.0,0.0,
5450,0.0,0.0,0.0,
5453,0.0,0.0,0.0,
908,367596.0,0.0,394287.0,3.0
5089,441555.0,357169.07,105977.93,0.0
5093,441555.0,70013.69,393133.31,0.0
5111,441555.0,441555.0,21592.0,0.0
4407,318145901.0,201295806.55,180479272.45,44.0
1841,9859588.0,4129453.65,6212268.35,0.0
4274,787474.0,145331.68,680649.32,0.0
4684,4048012.0,4749614.0,108000.0,16.0
4398,1146385.0,55145.27,1320517.73,0.0
5379,0.0,0.0,0.0,
1276,1097391.0,243058.0,1158596.0,0.0
873,299421.0,0.0,322559.0,2.0
4732,1032577.0,317342.31,921749.69,3.0
4067,785461.0,348501.92,475368.08,0.0
1762,190197.0,16856.0,182642.0,0.0
4229,3142264.0,1193480.06,2102440.94,0.0
1325,201116.0,159702.0,98973.0,0.0
1338,42248.0,9083.0,45256.0,0.0
4785,605448.0,704376.0,0.0,
4096,467972.0,490856.0,0.0,0.0
1186,2135400.0,733953.0,1460344.0,0.0
5157,0.0,0.0,0.0,
1389,694221.0,637652.0,255255.0,0.0
4036,435555.0,358411.96,98442.04,0.0
4044,877302.0,42900.0,877302.0,0.0
1882,707341.0,741930.0,0.0,
954,153679.0,0.0,166237.0,1.0
1030,333194.0,0.0,351088.0,0.0
1572,64108.0,73854.0,8602.0,0.0
4090,981133.0,737784.64,291325.36,0.0
1896,1663875.0,1536383.0,208855.0,0.0
1427,3631229.0,2794606.0,1810224.0,0.0
927,7599555.0,2097442.0,5692393.0,0.0
1504,53527.0,11508.0,57338.0,0.0
1271,467466.0,105038.0,495343.0,0.0
855,2668032.0,0.0,2792331.0,0.0
1144,797752.65,74999.65,761794.0,1.0
4590,7697790.0,3170497.48,5810257.52,12.0
1221,313566.0,0.0,330387.0,1.0
884,99461.0,0.0,107926.0,0.0
4165,8518036.0,673514.92,8261053.08,0.0
5292,454432.0,54273.0,491045.0,0.0
977,8346774.0,495583.0,8175282.0,0.0
1833,5488365.0,305897.0,5450849.0,0.0
1858,33786725.0,7674410.0,27764486.0,0.0
4191,87211.0,91476.0,0.0,0.0
4224,527810.0,412894.92,140725.08,0.0
1348,1371909.0,576287.0,1154842.0,0.0
4396,1180110.0,1055808.4,360323.6,0.0
1640,636249.0,396432.0,400486.0,0.0
5496,0.0,0.0,0.0,
5495,0.0,0.0,0.0,
5546,1285231.0,1542277.0,0.0,
1814,1247010.0,1307989.0,0.0,0.0
4450,712724.0,852416.0,0.0,0.0
5387,0.0,0.0,0.0,
5236,0.0,0.0,0.0,
5494,6567410.0,7880892.0,0.0,3.0
4389,77334.0,92802.0,0.0,
1743,457763.0,141021.0,339127.0,0.0
5614,0.0,0.0,0.0,
4783,3917279.0,4700735.0,0.0,13.0
4691,5078425.0,6094110.0,0.0,3.0
4365,3130827.0,545438.04,3211553.96,0.0
4432,5780906.0,1949658.77,4987427.23,0.0
4194,948289.0,994660.0,0.0,0.0
4201,1567582.0,1644237.0,0.0,0.0
5589,0.0,0.0,0.0,
5395,6230224.0,4664868.59,2811400.41,0.0
4016,1688831.0,252842.0,1518573.0,0.0
4018,844086.0,53119.0,832243.0,0.0
1277,2460536.0,681213.0,2449736.0,0.0
5581,0.0,0.0,0.0,
870,663441.0,33441.0,667672.0,18.0
4649,381826.0,458182.0,0.0,2.0
1493,557461.0,645348.0,71658.0,0.0
1494,293579.0,87211.0,287623.0,0.0
1495,445258.0,125333.0,443191.0,0.0
1120,663057.0,0.0,697172.0,1.0
1297,790539.0,181700.0,831368.0,0.0
1015,10732100.0,524719.0,10559517.0,4.0
1093,21373561.0,368046.0,21604181.0,6.0
958,48951.0,2.0,53435.0,0.0
5492,2955333.0,3546399.0,0.0,8.0
5218,0.0,0.0,0.0,
4037,338567.0,117887.0,237236.0,0.0
5420,6292416.0,5199874.66,2351024.34,32.0
935,2303555.0,328.0,2423172.0,0.0
845,59042024.0,18545.0,60646309.0,0.0
5487,1970222.0,2132487.35,231779.65,19.0
4265,235144.0,235151.61,11491.39,0.0
5393,0.0,0.0,0.0,
4705,13712292.0,12187446.85,4267303.15,99.0
1654,50176.0,10983.0,53347.0,0.0
4162,4440494.0,2281183.56,2376450.44,0.0
1417,212845.0,47833.0,218629.0,0.0
1511,1506612.0,1674827.0,262977.0,0.0
1973,5130028.0,1049525.0,4331361.0,0.0
4834,646936439.0,733725984.95,42597742.05,0.0
1041,19179112.0,1018807.0,18542129.0,1.0
5163,1133354.0,382220.65,806554.35,0.0
5416,0.0,0.0,0.0,
1179,1533442.0,284708.0,1310813.0,1.0
4256,8328147.0,10400.49,8724992.51,0.0
1750,1199868.0,325563.0,932979.0,0.0
1761,2689716.0,1045255.0,1775988.0,0.0
4746,74504.0,89405.0,0.0,
1311,5376918.0,1606990.0,5289650.0,0.0
5199,0.0,0.0,0.0,
5524,3940446.0,4146077.41,582457.59,5.0
1554,1321742.0,793163.0,892147.0,0.0
4610,46492511.0,29085577.19,25155685.81,39.0
1560,1106259.0,266951.0,1135905.0,0.0
5184,1275024.0,458425.39,878947.61,0.0
5588,0.0,0.0,0.0,
5217,0.0,0.0,0.0,
5214,0.0,0.0,0.0,
5220,0.0,0.0,0.0,
5219,0.0,0.0,0.0,
5216,0.0,0.0,0.0,
5221,0.0,0.0,0.0,
5224,0.0,0.0,0.0,
1021,714965.0,0.0,752215.0,1.0
1533,74268.0,95524.0,0.0,0.0
5489,0.0,0.0,0.0,
1397,320256.0,214287.0,197626.0,0.0
5502,11821338.0,14111610.73,73994.27,23.0
5316,3148405.0,2917371.62,860715.38,0.0
4560,306383.0,315447.0,42000.0,0.0
4845,158414.0,190095.0,0.0,
4549,153332.0,89261.3,89625.7,0.0
4672,13081140.0,14615847.02,1081520.98,17.0
1575,2403890.0,2832987.0,222817.0,0.0
5226,0.0,0.0,0.0,
5228,0.0,0.0,0.0,
5227,0.0,0.0,0.0,
5244,0.0,0.0,0.0,
5251,0.0,0.0,0.0,
5250,0.0,0.0,0.0,
5259,0.0,0.0,0.0,
5260,0.0,0.0,0.0,
5262,0.0,0.0,0.0,
5268,0.0,0.0,0.0,
894,0.0,0.0,0.0,
4282,617950.0,67552.23,580615.77,0.0
5252,0.0,0.0,0.0,
947,1017375.0,3329.0,1080684.0,0.0
1664,4869424.0,4548655.0,1660378.0,0.0
4568,5705029.0,3192674.66,3463192.34,0.0
1977,653979.0,16584.0,669375.0,0.0
5295,0.0,0.0,0.0,
4135,640083.0,102679.0,568704.0,0.0
4479,1091265.0,549456.74,723686.26,0.0
919,2746288.0,0.0,2893003.0,0.0
1928,2588700.0,260794.0,2454493.0,0.0
1420,1214493.0,422967.0,1122434.0,0.0
1135,2801271.0,0.0,2926420.0,11.0
1014,3038852.0,0.0,3152293.0,2.0
1201,981551.0,108613.0,919971.0,1.0
4476,9564627.0,9248083.31,1910647.69,1.0
1282,2700123.0,799316.0,2636499.0,0.0
1367,1808784.0,425156.0,1876460.0,0.0
4281,1071194.0,0.5,1123574.5,0.0
1518,1665371.0,619052.0,1500076.0,0.0
1705,3296237.0,1236425.0,2957925.0,0.0
1727,1219393.0,351584.0,1200284.0,0.0
1763,294048645.0,33655101.0,274772523.0,0.0
1877,1466250.0,32539.0,1505411.0,0.0
4181,1237149.0,436267.0,861379.0,0.0
1255,804948.0,0.0,844215.0,1.0
4184,3669710.0,858428.0,2990730.0,0.0
1930,19889628.0,5374457.0,15487774.0,0.0
4187,2961986.0,628365.0,2478462.0,0.0
1854,1262344.0,411202.0,912871.0,0.0
1737,5119355.0,749135.0,4620556.0,0.0
4234,1493022.0,107271.72,1458759.28,0.0
1880,25902736.0,5458226.0,21711154.0,0.0
1017,855980.0,0.0,901267.0,0.0
4114,2812073.0,160007.0,2789576.0,0.0
1182,74940.0,910.0,79301.0,1.0
933,315162.0,0.0,338908.0,0.0
1449,281691.0,362311.0,0.0,
4119,1171493.0,225801.0,1002978.0,0.0
4126,2920805.0,316013.0,2747619.0,0.0
1592,117432.0,68760.0,82281.0,0.0
1213,299125.0,50339.0,264330.0,0.0
4343,1662972.0,346237.65,1649328.35,0.0
4401,4593163.0,507086.01,5004709.99,1.0
886,1937943.0,217107.0,1813538.0,0.0
1341,12259.0,2712.0,13056.0,0.0
4526,5417203.0,2767285.47,3552784.53,8.0
4570,23507058.0,21603959.04,5820941.96,8.0
1987,568759.0,187452.0,409119.0,0.0
4620,2025000.0,576642.84,1785857.16,3.0
1927,662883.0,471636.0,223662.0,0.0
5088,331166.0,328944.93,18415.07,0.0
1020,799595.0,682.0,838051.0,0.0
1071,2756605.0,39870.0,2834575.0,0.0
4397,3277118.0,3483157.03,449384.97,0.0
897,226815.0,61063.0,177855.0,0.0
4419,690821.0,234083.6,594901.4,0.0
4246,387118.0,31172.26,374875.74,0.0
1476,1493752.0,427611.0,1493653.0,0.0
1612,312215.0,167640.0,233931.0,0.0
5181,0.0,0.0,0.0,
4058,1057305.0,575299.89,533707.11,0.0
1732,863944.0,103537.0,802654.0,0.0
1520,743509.0,504330.0,451971.0,0.0
1042,2128044.0,-1.0,2210706.0,0.0
1418,861988.0,220671.0,888018.0,0.0
1832,467384.0,281610.0,208629.0,0.0
4654,676149.0,139500.98,665331.02,0.0
1997,2212313.0,513175.0,1807320.0,0.0
4173,1398794.0,304246.86,1162948.14,0.0
1828,1676481.0,828882.0,929579.0,0.0
1414,2099590.0,644417.0,2027706.0,0.0
4176,8057038.0,141646.82,8309380.18,0.0
4057,5113904.0,2295333.59,3068640.41,0.0
4564,48903425.0,25327392.77,31726603.23,4.0
1388,2369849.0,992259.0,2023999.0,0.0
1523,3039335.0,2854063.0,1007424.0,0.0
1607,137903000.0,43486338.15,131129136.85,0.0
5506,0.0,0.0,0.0,
1310,948695.0,951193.0,250405.0,0.0
1252,270899.0,0.0,286725.0,1.0
1204,1941265.0,261730.0,1764277.0,1.0
1195,15442242.0,1171292.0,14753069.0,1.0
1855,7335686.0,3621807.0,4072594.0,0.0
5327,10074896.0,4388083.15,7659812.85,0.0
4301,22097355.0,5883115.9,17294800.1,0.0
1000,15395904.0,0.0,15782028.0,2.0
5605,0.0,0.0,0.0,
4791,1582452.0,1898943.0,0.0,
5603,0.0,0.0,0.0,
957,4185605.0,1129307.0,3167806.0,0.0
887,923860.0,581028.0,365696.0,0.0
1917,2315849.0,347585.23,2081508.77,0.0
1970,1040608.0,207792.65,883701.35,0.0
1976,8319661.0,3043839.05,5682652.95,0.0
1988,591217.0,143634.32,476492.68,0.0
5604,0.0,0.0,0.0,
4350,1495789.0,1557016.89,237929.11,0.0
1630,147329.0,51151.0,138344.0,0.0
864,855667.0,10000.0,903942.0,0.0
4252,1695057.0,70480.53,1707464.47,0.0
1781,255568.0,75972.0,192093.0,0.0
4576,21100524.0,21363959.96,3253318.04,6.0
1254,1006006.0,279532.0,750065.0,1.0
1054,2187234.0,1.0,2284876.0,1.0
1573,2476257.0,819978.0,2364984.0,0.0
1487,711325.0,217404.0,697502.0,0.0
1202,274106.0,0.0,289239.0,2.0
4320,4748700.0,2873699.58,2107211.42,0.0
5189,18133664.0,5304462.22,13715937.78,1.0
1433,733140.0,318145.0,624820.0,0.0
1662,1911972.0,1507648.0,939730.0,0.0
1121,484760.0,0.0,509154.0,0.0
1740,1899055.0,691307.0,1300611.0,0.0
1795,8697584.0,5873637.0,3249259.0,0.0
4561,141479.0,169775.0,0.0,
868,574501.0,0.0,610339.0,0.0
1542,209109.0,74945.0,194011.0,0.0
992,162576.0,59241.0,111637.0,1.0
1454,3407821.0,1948999.0,2388516.0,0.0
4431,7730527.0,4025351.45,5251280.55,10.0
1407,3074793.0,1784005.0,2133460.0,0.0
1703,455444.0,153933.0,423213.0,0.0
1471,722153.0,639434.0,279127.0,0.0
1191,533438.0,0.0,561460.0,0.0
4295,1801608.0,71252.42,1818454.58,0.0
1537,254677.0,107563.0,215809.0,0.0
1320,679140.0,446481.0,420140.0,0.0
1212,4986531.0,627926.0,4520463.0,1.0
4373,755882.0,214498.13,692559.87,0.0
1025,2617439.0,0.0,2727672.0,2.0
5539,0.0,0.0,0.0,
1578,212670.0,126317.0,144298.0,0.0
1475,1276261.0,842045.0,781278.0,0.0
1802,3716405.0,1187458.0,2710679.0,0.0
1746,2381625.0,226263.0,2271823.0,0.0
997,34246985.0,882213.0,34133921.0,2.0
5479,0.0,0.0,0.0,
1757,509501.0,45649.0,488767.0,0.0
986,169562.0,0.0,181891.0,0.0
1133,683307.0,0.0,719373.0,0.0
4434,7895795.0,4083517.52,5391436.48,11.0
1521,445270.0,572706.0,0.0,0.0
1064,768959.0,0.0,813665.0,1.0
4462,3477517.0,3677811.64,495227.36,5.0
4776,7120294.0,7801853.0,742500.0,16.0
1264,920250.0,268153.0,915473.0,0.0
5575,0.0,0.0,0.0,
5481,0.0,0.0,0.0,
4430,83505.0,100206.0,0.0,
4268,2598578.0,1311224.67,1414423.33,0.0
5576,0.0,0.0,0.0,
4488,123873313.0,40182825.94,104336040.06,0.0
1435,4641295.0,1921669.0,4023296.0,0.0
1548,1038692.0,1073272.0,262694.0,0.0
4748,831093.0,997311.0,0.0,4.0
4644,14747343.0,9903599.99,7793211.01,2.0
4675,341256.0,409507.0,0.0,
874,357016.0,0.0,381442.0,8.0
994,10618365.0,490.0,10892519.0,1.0
1364,1562356.0,346589.0,1615134.0,0.0
1701,1364794.0,1315798.0,439600.0,0.0
1492,5629348.0,1879451.0,5339719.0,0.0
4008,1498346.0,309490.77,1262124.23,0.0
1380,15402663.0,5675130.0,14135775.0,0.0
4276,2108980.0,1134981.93,1077127.07,0.0
1177,1381220.0,0.0,1447578.0,0.0
1437,29856371.0,18447573.0,19929023.0,0.0
4240,59045860.0,2676928.56,59256274.44,0.0
1357,478699.0,264478.0,351225.0,0.0
1601,212718.0,73373.0,200225.0,0.0
5553,0.0,0.0,0.0,
4102,456668.0,478069.09,929.91,0.0
4015,2026125.0,363128.91,1762074.09,0.0
4041,900000.0,94397.96,849612.04,0.0
1863,895384.0,307715.85,631452.15,0.0
5430,4719312.0,3444176.02,2218997.98,1.0
4352,2123939.0,2548727.0,0.0,0.0
1668,2539771.0,3266653.0,0.0,0.0
4366,19914245.0,16510582.76,7386511.24,0.0
4228,1216154.0,209208.89,1066415.11,0.0
1512,243225.0,304266.0,8570.0,0.0
4839,11500739.0,13800887.0,0.0,
1642,2600528.0,1462884.0,1881915.0,0.0
1614,763899.0,425583.0,556944.0,0.0
4097,2094349.0,430299.75,1766463.25,0.0
1959,3805002.0,2466564.76,1524502.24,0.0
4386,4230588.0,1224971.54,3840452.46,0.0
1994,7044043.0,127870.0,7260627.0,0.0
1946,2626447.0,2466602.0,288278.0,0.0
4646,1267365.0,1356928.61,163909.39,2.0
4850,18582861.0,22299433.0,0.0,
4554,1337550.0,658904.19,901570.81,1.0
5211,0.0,0.0,0.0,
1813,8325842.0,3120148.0,5612828.0,0.0
838,34256.0,0.0,37400.0,0.0
1409,946031.0,367498.0,849287.0,0.0
4075,1808413.0,254524.46,1646935.54,0.0
4091,5179598.0,1119930.04,4312949.96,0.0
1910,9567531.0,4992796.0,5042587.0,0.0
4034,3045410.0,496946.0,2697385.0,0.0
4038,1658813.0,298127.0,1441802.0,0.0
4837,12378255.0,14546031.0,307875.0,0.0
1890,1202043.0,1260823.0,0.0,
1080,0.0,0.0,0.0,
4170,1284814.0,271255.75,1076385.25,0.0
1371,196006.0,43180.0,208923.0,0.0
4609,10679019.0,6472152.38,5986703.62,4.0
1308,127400.0,27717.0,136145.0,0.0
4108,466754.0,240448.49,249129.51,0.0
1815,1553329.0,949235.0,680052.0,0.0
1508,144095.0,32418.0,152917.0,0.0
4032,297418.0,11366.0,300596.0,0.0
1082,0.0,0.0,0.0,
976,111504.0,0.0,120768.0,0.0
1326,314981.0,71979.0,333150.0,0.0
934,78096.0,28135.0,54548.0,0.0
926,234902.0,4000.0,246720.0,0.0
1691,179335.0,44493.0,186168.0,0.0
1693,3988075.0,2575430.0,2554032.0,0.0
1166,364043.0,37374.0,342882.0,0.0
892,151499.0,139101.0,13536.0,0.0
1852,461009.0,254317.0,229235.0,0.0
1953,263363.0,83122.0,193119.0,0.0
4354,1099566.0,1310966.1,8512.9,0.0
980,48413.0,1.0,52855.0,0.0
4208,393113.0,5319.97,407016.03,0.0
1324,1576571.0,414038.0,1613748.0,0.0
5246,0.0,0.0,0.0,
1076,0.0,0.0,0.0,
969,66787.0,0.0,72572.0,0.0
1033,62815979.0,3211766.0,60955469.0,0.0
1303,1069496.0,314162.0,1061424.0,0.0
1875,3642750.0,423811.0,3397069.0,0.0
1209,8520026.0,0.0,8777569.0,0.0
1652,1274514.0,853750.0,760524.0,0.0
1644,362064.0,379792.0,85895.0,0.0
1891,646313.0,453175.0,224743.0,0.0
1468,136894.0,30697.0,145376.0,0.0
1920,219732.0,74616.0,155861.0,0.0
1591,493257.0,177883.0,456544.0,0.0
1716,244231.0,164922.0,149208.0,0.0
1755,825863.0,654829.0,211419.0,0.0
5525,0.0,0.0,0.0,
1527,3125321.0,2787008.0,1153207.0,0.0
1413,756962.0,192987.0,771719.0,0.0
880,426194.0,0.0,455147.0,0.0
4326,753472.0,440463.64,463702.36,0.0
1777,2358549.0,1293351.0,1175154.0,0.0
1532,146831.0,59850.0,122040.0,0.0
857,750805.0,0.0,796538.0,0.0
4110,7748110.0,4577679.05,3549313.95,0.0
1193,15750037.0,2388475.0,13665102.0,0.0
924,752689.0,74339.0,718484.0,0.0
1447,1196244.0,490593.0,1027046.0,0.0
1541,1699817.0,574904.0,1559063.0,0.0
5249,0.0,0.0,0.0,
5526,0.0,0.0,0.0,
961,4114656.0,438326.0,3861727.0,0.0
4379,5332101.0,4778539.24,1619981.76,0.0
1398,1539626.0,1163209.0,804721.0,0.0
1147,746081.0,89045.0,688807.0,0.0
1436,2415667.0,1403750.0,1685487.0,0.0
4433,134332.0,29393.2,146376.8,0.0
4522,3938919.0,1224064.01,3371341.99,0.0
4759,2433727.0,2376729.53,543742.47,5.0
1983,3763698.0,2503762.0,1443981.0,0.0
5474,4593870.0,5390149.54,122494.46,1.0
4404,80586841.0,76370395.08,17647583.92,3.0
4223,33755553.0,9228411.56,26177788.44,0.0
4314,2295632.0,2007530.17,400357.83,0.0
4117,9327865.0,590937.07,9193060.93,0.0
1794,6056902.0,3458272.0,2894813.0,0.0
1753,277648.0,174852.0,116373.0,0.0
1764,848117.0,593933.0,295657.0,0.0
1459,1662333.0,1316198.0,815503.0,0.0
4289,5648449.0,2066545.55,3738576.45,0.0
4775,4114553.0,4937464.0,0.0,5.0
4511,2611284.0,2829255.34,217242.66,0.0
4205,454660.0,461598.0,15295.0,0.0
4681,109978.0,131974.0,0.0,
1377,105770.0,22900.0,113141.0,0.0
1424,207981.0,43196.0,218396.0,0.0
965,256050.0,0.0,275195.0,0.0
5599,0.0,0.0,0.0,
4469,3546194.0,225433.26,4029999.74,0.0
4588,6186900.0,2276085.52,4941964.48,0.0
4129,8627593.0,7704324.24,1345157.76,0.0
4831,33762288.0,40514745.0,0.0,
928,690894.0,119666.0,612739.0,0.0
5448,1048736.0,1144472.4,114009.6,0.0
1346,33020508.0,16710547.0,25581719.0,0.0
4086,310472445.0,38969796.32,286684751.68,0.0
4574,5686847.0,1413795.83,5220859.17,0.0
5248,0.0,0.0,0.0,
1611,80756.0,32256.0,68814.0,0.0
1430,121998.0,45907.0,105972.0,0.0
1939,349425.0,184202.0,182310.0,0.0
1154,3652627.0,0.0,3785829.0,0.0
1360,3551067.0,1818862.0,2730274.0,0.0
1102,2866735.0,0.0,2990708.0,0.0
1594,271547.0,166357.0,181466.0,0.0
1949,374441.0,236378.0,156373.0,0.0
1265,1599158.0,715095.0,1319820.0,0.0
1365,575983.0,313087.0,417677.0,0.0
1550,1753472.0,676519.0,1565093.0,0.0
5452,0.0,0.0,0.0,
4232,226896.0,96334.3,141656.7,0.0
1807,1206563.0,440614.0,824950.0,0.0
1916,2028077.0,818960.63,1308289.37,0.0
4175,13949221.0,11992495.0,2638843.0,0.0
4703,0.0,0.0,0.0,
885,0.0,0.0,0.0,0.0
4351,2019976.0,1826863.06,597107.94,0.0
1234,743291.0,400755.0,379484.0,0.0
1443,2868022.0,1991610.0,1685619.0,0.0
1906,2772910.0,1033927.0,1874578.0,0.0
1837,408559.0,233441.0,195097.0,0.0
1972,7472939.0,5028923.0,2809443.0,0.0
4081,8955033.0,2612640.0,6780294.0,0.0
1350,284005.0,60369.0,300092.0,0.0
4074,227876.0,8256.0,230763.0,0.0
4487,53132489.0,54881259.98,7106644.02,25.0
4523,13584381.0,13047589.41,2800855.59,2.0
4340,1225670696.0,1239724993.15,169796306.85,8.0
1340,290766.0,58148.0,311009.0,0.0
1002,0.0,0.0,0.0,
4271,257148.0,102176.19,167546.81,0.0
4172,287346.0,109118.74,192278.26,0.0
4198,232334.0,132980.81,110714.19,0.0
1922,5183679.0,1473340.11,3963820.89,0.0
4353,56578663.0,28752477.36,39141918.64,4.0
5162,425008.0,248225.86,197565.14,0.0
4707,404465.0,485358.0,0.0,1.0
1448,11493470.0,8237934.0,6401348.0,0.0
1312,3937500.0,1580323.0,3453353.0,0.0
1292,79827003.0,34921319.0,67665966.0,0.0
1018,2922885.0,813187.0,2200699.0,0.0
1871,2189113.0,549334.0,1746827.0,0.0
4809,488266.0,585919.0,0.0,
1457,983372.0,1044609.0,203068.0,0.0
4492,32532794.0,32038049.11,5916876.89,5.0
4364,140717.0,142397.95,26462.05,0.0
4368,4367691.0,3270484.5,1970744.5,0.0
4153,1000452.0,621164.52,428209.48,0.0
4167,7675186.0,4359700.9,3690802.1,0.0
1942,755256.0,561577.0,230611.0,0.0
1385,137349.0,34867.0,136965.0,0.0
1767,524596.0,57158.0,493091.0,0.0
4264,11046531.0,3154765.31,8431940.69,0.0
1969,4773633.0,973711.09,4033352.91,0.0
4146,1468627.0,791527.75,748915.25,0.0
1490,9175882.0,6989373.0,4706946.0,0.0
5545,6426155.0,7711386.0,0.0,
4103,737920.0,387920.0,386084.0,0.0
5278,1817728.0,311682.5,1869591.5,3.0
1012,1234792.0,116434.0,1175714.0,0.0
5590,0.0,0.0,0.0,
1608,1082577.0,1042417.0,341998.0,0.0
1801,955199.0,535239.0,466669.0,0.0
1685,178320.0,229355.0,0.0,
1671,7129755.0,4811988.0,4299208.0,0.0
902,96325.0,24.0,105114.0,0.0
5276,0.0,0.0,0.0,
1353,98251.0,20433.0,104509.0,0.0
4540,13711323.0,2935384.87,13061159.13,0.0
4711,4147541.0,4830882.4,146166.6,2.0
4481,94520824.0,82981605.55,27292689.45,13.0
5324,2361305.0,320542.4,2513023.6,0.0
1645,522260.0,288852.0,373069.0,0.0
1616,138804.0,62117.0,111586.0,0.0
5317,1889044.0,229414.63,2037437.37,0.0
1725,103109.0,126703.0,3954.0,0.0
1726,1284136.0,387808.0,1248152.0,0.0
849,0.0,0.0,0.0,
956,1755246.0,41615.0,1803168.0,0.0
1621,150140.0,86640.0,104508.0,0.0
5194,3400064.0,495205.11,3071122.89,0.0
1945,437656.0,444111.0,14946.0,0.0
1902,566870.0,571119.0,23471.0,0.0
1706,893758.0,318271.0,831281.0,0.0
1714,348078.0,420647.0,27051.0,0.0
1924,15052604.0,14554259.0,1234417.0,0.0
1394,211386.0,135299.0,136586.0,0.0
4104,238682.0,52188.7,198165.3,0.0
5508,0.0,0.0,0.0,
1224,1708343.0,39186.0,1749108.0,0.0
1517,1108522.0,370908.0,1054873.0,0.0
1139,372812.0,0.0,390800.0,0.0
4723,15479843.0,18012080.75,563731.25,7.0
4325,2224879.0,567471.75,1766204.25,0.0
1674,22333065.0,11316094.0,17408694.0,0.0
1721,150575.0,193670.0,0.0,0.0
1739,465975.0,455697.0,33064.0,0.0
1765,78413.0,82247.0,0.0,0.0
1770,4931610.0,2307732.0,2865034.0,0.0
1779,2105100.0,926392.0,1281647.0,0.0
4217,3437491.0,1056902.65,2548681.35,0.0
5294,472261.0,566713.0,0.0,
1892,942863.0,94449.0,894520.0,0.0
4139,1056081.0,786618.64,321104.36,0.0
4245,8124103.0,892570.42,7628801.58,0.0
1879,2030738.0,1137812.0,992229.0,0.0
1431,147350.0,31636.0,157886.0,0.0
5501,0.0,0.0,0.0,
5086,331166.0,202649.44,144710.56,0.0
1483,72472.0,14632.0,78581.0,0.0
921,204945.0,0.0,219426.0,0.0
4284,18582301.0,4526184.75,14964791.25,0.0
879,108044.0,0.0,116774.0,0.0
4573,11908169.0,12692202.5,1200661.5,13.0
4581,6784885.0,6757670.78,1158028.22,0.0
4323,734063.0,206369.66,563589.34,0.0
4154,925434.0,429793.0,540895.0,0.0
4128,1462235.0,573469.0,960269.0,0.0
4190,323162.0,70103.0,268862.0,0.0
5095,331166.0,56432.58,290927.42,0.0
4017,11127518.0,2002872.0,9668782.0,0.0
1713,376376.0,133529.0,345661.0,0.0
1901,3920760.0,1275543.0,2836942.0,0.0
1986,741547.0,289869.0,487940.0,0.0
1230,5827390.0,166719.0,5848542.0,0.0
4336,4228662.0,881815.84,4175664.16,0.0
4118,1004970.0,319303.0,734810.0,0.0
1373,417874.0,122249.0,415221.0,0.0
1480,242461.0,66326.0,245527.0,0.0
4013,17633066.0,3518672.39,14976650.61,0.0
4777,794389.0,829966.01,123299.99,1.0
4014,528965.0,134083.0,420748.0,0.0
1627,373808.0,104619.0,376173.0,0.0
4375,1057540.0,1039941.11,229105.89,0.0
4387,399472.0,442879.71,36485.29,0.0
1878,1100036.0,1099053.0,54775.0,0.0
1286,692177.0,268709.0,621569.0,0.0
4156,394262.0,43227.0,370314.0,0.0
4179,1501307.0,255609.19,1319111.81,0.0
4183,2092896.0,751153.0,1444086.0,0.0
4185,804198.0,630123.0,213400.0,0.0
1853,740745.0,366502.0,410465.0,0.0
1864,742150.0,206254.0,572187.0,0.0
1895,13280510.0,3021507.65,10908419.35,0.0
4329,1174453.0,1180835.68,51048.32,0.0
1787,567995.0,40732.0,555038.0,0.0
4049,507411.0,348232.0,183991.0,0.0
4065,486560.0,191148.0,319205.0,0.0
4095,318754.0,175576.0,158765.0,0.0
4105,914545.0,3979.28,955286.72,0.0
1812,2352978.0,235222.0,2232817.0,0.0
1695,3764858.0,1219398.0,3622962.0,0.0
4355,1347520.0,1169675.08,447348.92,0.0
5462,0.0,0.0,0.0,3.0
4370,470096.0,562235.0,0.0,0.0
1913,425111.0,43011.0,402888.0,0.0
4006,187216.0,47823.81,148547.19,0.0
1489,61693.0,19521.0,59829.0,0.0
4209,717897.0,9495.4,743506.6,0.0
1799,319366.0,15021.0,319962.0,0.0
891,250833.0,29801.0,236490.0,0.0
1281,724512.0,213178.0,704930.0,0.0
4202,556401.0,13038.96,570570.04,0.0
1109,0.0,0.0,0.0,
4547,9036920.0,3093589.25,7449483.75,0.0
4322,4326702.0,4027118.85,511159.15,0.0
1534,938221.0,486880.0,711134.0,0.0
1782,227227.0,31473.0,206865.0,0.0
1604,364447276.0,129395034.18,334719377.82,0.0
5544,0.0,0.0,0.0,
4557,44233880.0,5927047.6,45679144.4,2.0
5500,11821332.0,14036560.96,149036.04,14.0
1643,1666844.0,481012.0,1662883.0,0.0
899,1583836.0,0.0,1663964.0,0.0
1610,920937.0,226299.0,958210.0,0.0
1165,2018361.0,65271.0,2036225.0,0.0
4577,20465391.0,15985481.32,7890807.68,13.0
4376,2574634.0,2509661.0,569600.0,0.0
5595,0.0,0.0,0.0,
4613,482315.0,60526.96,502174.04,0.0
5554,0.0,0.0,0.0,
4655,9536778.0,8395394.95,3048739.05,24.0
1629,660066.0,158381.0,640210.0,0.0
1540,726541.0,356223.0,533754.0,0.0
1217,697209.0,79905.0,652727.0,0.0
1583,533519.0,275901.0,410149.0,0.0
1738,475538.0,398066.0,100726.0,0.0
4544,619512.0,15697.45,727715.55,0.0
962,161915.0,0.0,173780.0,0.0
953,0.0,0.0,0.0,
5434,2359656.0,1403440.7,1428146.3,2.0
1589,3449558.0,2438609.0,1930842.0,0.0
1710,1883731.0,546240.0,1857348.0,0.0
1467,2901636.0,1291392.0,2421439.0,0.0
1125,937133.0,0.0,984405.0,0.0
893,295696.0,224927.0,92445.0,0.0
1055,1260900.0,396533.0,910486.0,0.0
4587,909834.0,89788.88,971683.12,0.0
1117,375242.0,0.0,395934.0,0.0
1296,7506030.0,5173316.0,4413443.0,0.0
4000,642837.0,606237.0,68035.0,0.0
1404,731250.0,590140.0,338652.0,0.0
1486,1755157.0,787475.0,1453627.0,0.0
1724,1262051.0,1379458.0,243792.0,0.0
1993,5264029.0,828434.0,4693006.0,0.0
5329,0.0,0.0,0.0,
1650,16463710.0,10531730.0,10584690.0,0.0
1665,16514231.0,13840994.0,7291700.0,0.0
1670,3959070.0,5010147.0,0.0,0.0
5331,0.0,0.0,0.0,
1507,875265.0,326097.0,774857.0,0.0
5592,0.0,0.0,0.0,
5333,0.0,0.0,0.0,
846,379274.0,261774.0,126664.0,1.0
1339,1132279.0,548609.0,896815.0,0.0
1519,2305560.0,765455.0,2164906.0,0.0
1478,145762.0,149937.0,32689.0,0.0
4098,3704581.0,122188.14,3763546.86,0.0
821,545000.0,2957.0,579052.0,0.0
834,326355.0,55899.0,293338.0,0.0
1321,297310.0,61836.0,316618.0,0.0
4661,175057.0,141027.23,69039.77,0.0
5548,0.0,0.0,0.0,
1656,3411736.0,1528697.0,2797299.0,0.0
5384,778778.0,49198.93,885335.07,0.0
4423,315711.0,338020.0,40833.0,1.0
1269,1065158.0,332976.0,1037030.0,0.0
1444,139068.0,17006.0,140456.0,0.0
4660,12931315.0,13916393.26,1601184.74,2.0
1651,1798019.0,582601.0,1685290.0,0.0
1720,6630799.0,3872129.0,4523515.0,0.0
4539,12264987.0,7795272.44,6513878.56,0.0
5336,0.0,0.0,0.0,
1452,724714.0,192578.0,732504.0,0.0
1803,1076064.0,403313.61,725370.39,0.0
1465,803715.0,210214.0,793525.0,0.0
1355,25933284.0,9253663.0,23968328.0,0.0
1401,20563266.0,6924318.0,19414568.0,0.0
1335,3719210.0,1966096.0,2766765.0,0.0
5339,0.0,0.0,0.0,
5338,0.0,0.0,0.0,
1415,610281.0,199374.0,573827.0,0.0
5350,0.0,0.0,0.0,
1207,2743543.0,251135.0,2573410.0,0.0
4280,12565914.0,2072084.28,11108302.72,0.0
4425,1304439.0,1359119.0,206208.0,1.0
1869,4816052.0,4742344.0,309213.0,0.0
1692,12521914.0,14378219.0,1680577.0,0.0
1391,306951123.0,129573284.0,264635280.0,0.0
1899,14802375.0,950434.0,14575777.0,0.0
1943,2715957.0,1873959.0,974818.0,0.0
1857,5895761.0,5176806.0,1007258.0,0.0
1565,851057.0,375746.0,700048.0,0.0
5591,0.0,0.0,0.0,
4583,1529701.0,80960.87,1703690.13,0.0
5348,0.0,0.0,0.0,
4677,3627392.0,2515134.18,1837735.82,11.0
1564,964410.0,398191.0,825556.0,0.0
4461,11558332.0,8243836.62,5626161.38,14.0
4535,1422979.0,677642.72,982499.28,0.0
1827,2351719.0,795482.0,1671236.0,0.0
5361,0.0,0.0,0.0,
4489,64354320.0,50018552.14,25061485.86,20.0
5531,0.0,0.0,0.0,
5247,0.0,0.0,0.0,
5363,0.0,0.0,0.0,
4056,5895536.0,389408.86,5794419.14,0.0
5373,0.0,0.0,0.0,
1957,8550375.0,3566122.91,5329015.09,0.0
5376,0.0,0.0,0.0,
5394,1752249.0,1455367.54,647331.46,0.0
1390,876439.0,189462.0,914172.0,0.0
1484,6016488.0,3378992.0,4328378.0,0.0
5377,0.0,0.0,0.0,
4689,415763.0,425383.05,73531.95,5.0
830,114556.0,6778.0,117226.0,0.0
1637,244990.0,182488.0,127894.0,0.0
5400,0.0,0.0,0.0,
915,330690.0,0.0,357148.0,0.0
4078,1029333.0,478431.93,601235.07,0.0
5405,0.0,0.0,0.0,
1712,7832306.0,9011431.0,991359.0,0.0
1623,2138136.0,1193178.0,1519690.0,0.0
5413,0.0,0.0,0.0,
5412,0.0,0.0,0.0,
5201,0.0,0.0,0.0,
5202,0.0,0.0,0.0,
5204,0.0,0.0,0.0,
5213,0.0,0.0,0.0,
901,949696.0,0.0,1010478.0,0.0
1263,221216.0,0.0,235411.0,0.0
1232,297588.0,0.0,315378.0,0.0
1143,1479503.0,1.0,1554488.0,0.0
5482,3675096.0,4410115.0,0.0,11.0
4708,2000606.0,2134514.94,266212.06,5.0
5223,0.0,0.0,0.0,
5245,0.0,0.0,0.0,
4064,437673.0,71164.37,387910.63,0.0
5606,0.0,0.0,0.0,
4195,23855334.0,536176.59,24485683.41,0.0
4085,1445595717.0,119327947.03,1396957400.97,0.0
1985,501951.0,120603.84,405892.16,0.0
1354,29378589.0,9261510.0,28495935.0,0.0
1788,398741.0,418239.0,0.0,
1040,345661.0,0.0,363997.0,0.0
932,292500.0,100868.0,205303.0,0.0
4527,2789412.0,189805.44,3064508.56,0.0
1756,818900.0,848035.0,10909.0,0.0
4417,494232.0,460602.86,132475.14,0.0
5225,0.0,0.0,0.0,
4803,5222092.0,5886882.44,379626.56,9.0
4164,567077.0,144699.8,450107.2,0.0
1846,314085.0,131089.0,198355.0,0.0
5532,0.0,0.0,0.0,
1926,519834.0,4175.17,541078.83,0.0
5467,0.0,0.0,0.0,
4739,300945.0,361134.0,0.0,2.0
1384,1001451.0,230655.0,1051510.0,0.0
4552,1578027.0,26596.15,1814434.85,0.0
1272,12878420.0,3843486.0,12665798.0,0.0
5091,441555.0,150567.16,312579.84,0.0
1314,386628.0,91764.0,405517.0,0.0
4313,1616908.0,24349.55,1671625.45,0.0
5117,331166.0,43845.63,303514.37,0.0
5491,0.0,0.0,0.0,
5112,441555.0,127496.65,335650.35,0.0
4247,3957876.0,86503.84,4064912.16,0.0
5600,0.0,0.0,0.0,
1823,1404945.0,509309.0,964338.0,0.0
1876,3609380.0,608072.89,3177806.11,0.0
1883,15337241.0,4570520.81,11516711.19,0.0
854,209362.0,109684.0,107758.0,0.0
4484,65004213.0,70830806.32,5007441.68,19.0
5598,0.0,0.0,0.0,
4718,1117626.0,1032925.48,308225.52,9.0
1967,834372.0,23673.0,851500.0,0.0
1733,14642391.0,47905.0,15310499.0,0.0
1470,55960.0,71976.0,0.0,
4055,2977380.0,89996.0,3032978.0,0.0
4262,7649288.0,2721453.04,5301884.96,0.0
4324,653546.0,93711.64,591792.36,0.0
5256,0.0,0.0,0.0,
1510,757655.0,178606.0,795890.0,0.0
1178,125444.0,0.0,133788.0,0.0
4412,4216109.0,1940437.87,3118893.13,0.0
5478,0.0,0.0,0.0,
1395,236914.0,55887.0,244547.0,0.0
859,582459.0,0.0,623542.0,0.0
5476,0.0,0.0,0.0,
5477,0.0,0.0,0.0,
5475,0.0,0.0,0.0,
5255,0.0,0.0,0.0,
4525,20926728.0,2887359.87,21527156.13,0.0
4486,154213405.0,116302421.98,63613217.02,14.0
5497,0.0,0.0,0.0,
5265,0.0,0.0,0.0,
5498,0.0,0.0,0.0,
4299,12537792.0,928092.58,12222797.42,0.0
5594,0.0,0.0,0.0,
4399,417563447.0,374212060.82,126864075.18,0.0
5347,944522.0,110862.39,1022563.61,0.0
4770,334528.0,362138.33,39295.67,0.0
5425,786552.0,421219.85,522642.15,0.0
4346,4745358.0,2093522.43,3600906.57,0.0
1677,1423811.0,1562420.0,237184.0,0.0
5593,0.0,0.0,0.0,
4676,4110099.0,4762336.14,169782.86,4.0
4418,1946061.0,839198.0,1496076.0,0.0
4728,51969377.0,61625722.84,737529.16,14.0
4664,318580.0,56670.33,325625.67,7.0
4109,3954861.0,512693.52,3635560.48,0.0
4237,3442782.0,3137126.05,474007.95,0.0
1989,1636141.0,62403.19,1653744.81,0.0
1718,4866499.0,4653276.0,1581929.0,0.0
1731,42417425.0,13865126.38,39873509.62,0.0
1349,513501.0,116418.0,538400.0,0.0
895,166836.0,1046.0,178910.0,0.0
968,132750.0,0.0,142841.0,0.0
4446,136692.0,164030.0,0.0,
5313,0.0,0.0,0.0,
5178,1700031.0,1631852.22,151310.78,0.0
4116,29481608.0,5851530.73,25071728.27,0.0
4853,117380.0,140855.0,0.0,
4857,151503.0,181803.0,0.0,
4637,3377806.0,3702133.4,238640.6,3.0
4337,565089857.0,278361347.84,399746480.16,11.0
5483,0.0,0.0,0.0,
1723,333750.0,353551.0,61821.0,0.0
1707,1092204.0,1160558.0,231527.0,0.0
1752,445061.0,465577.0,1247.0,0.0
1382,248997.0,320260.0,0.0,
1754,1934687.0,1953643.0,75650.0,0.0
4062,533344.0,472395.0,95524.0,0.0
1735,19097335.0,10196435.0,9834760.0,0.0
1775,1396400.0,1371315.0,93369.0,0.0
1820,336456.0,52802.0,300107.0,0.0
4630,52222991.0,48860295.92,12066527.08,8.0
4497,19038269.0,15678350.21,6532963.79,3.0
5392,2336332.0,877649.96,1925765.04,0.0
4290,1412188.0,603454.04,877789.96,0.0
5344,0.0,0.0,0.0,
4849,121500.0,145800.0,0.0,
5345,0.0,0.0,0.0,
5346,0.0,0.0,0.0,
5418,1048736.0,234421.74,1024061.26,0.0
4858,3244655.0,3893586.0,0.0,
4686,331644.0,23137.53,374835.47,0.0
4717,892779.0,61899.54,1009435.46,2.0
1683,828830.0,172349.0,893692.0,0.0
4719,2043917.0,2181409.47,271290.53,2.0
5527,0.0,0.0,0.0,
4861,15728718.0,18874462.0,0.0,
1672,1326303.0,365219.0,1340672.0,0.0
4349,1821414.0,193468.98,1992228.02,0.0
1632,1511700.0,747340.0,1197009.0,0.0
1113,215244.0,0.0,227921.0,0.0
1405,735355.0,193535.0,752279.0,0.0
5320,6296810.0,3129652.2,4426518.8,1.0
1935,53010484.0,8667333.3,46935363.7,0.0
4020,89157146.0,29179130.16,64309784.84,0.0
1587,1716514.0,556349.0,1651431.0,0.0
1538,763315.0,240342.0,741434.0,0.0
1294,4664145.0,1721338.0,4277685.0,0.0
1103,0.0,0.0,0.0,
1684,2309143.0,1746393.0,1223627.0,0.0
4267,6643986.0,1288947.29,5679929.71,0.0
4272,13018385.0,5695298.97,7959685.03,0.0
4180,3698486.0,3670031.04,209310.96,0.0
4169,936869.0,110336.45,872345.55,0.0
1964,1155130.0,0.0,1211616.0,0.0
1200,600000.0,20179.0,609418.0,0.0
1216,2074746.0,132359.0,2037056.0,0.0
1956,940987.0,258150.0,728851.0,0.0
1169,461396.0,370646.0,96995.0,0.0
4555,821527.0,648903.0,309545.0,0.0
5092,441555.0,3553.0,459594.0,0.0
4793,351862.0,422234.0,0.0,2.0
5096,441555.0,425607.2,37539.8,0.0
835,64397.0,33639.0,33581.0,0.0
1049,15947618.0,571756.0,15814468.0,0.0
5097,441555.0,424004.76,39142.24,0.0
978,0.0,0.0,0.0,
5107,441555.0,448711.6,14435.4,0.0
5114,441555.0,432989.84,30157.16,0.0
833,0.0,0.0,0.0,
1824,2750146.0,1229305.0,1655323.0,0.0
1383,1739449.0,436607.0,1800672.0,0.0
4099,1888100.0,339201.0,1641227.0,0.0
4025,11217543.0,2462588.0,9303493.0,0.0
4030,38255499.0,7202864.3,32923328.7,0.0
1246,7046729.0,72386.0,7197142.0,0.0
4003,1293026.0,125113.0,1231142.0,0.0
4149,1830039.0,133877.0,1785651.0,0.0
1898,6695550.0,2068707.0,4954255.0,0.0
1613,954811.0,605898.0,622180.0,0.0
4004,1071576.0,18709.0,1105267.0,0.0
4595,19045986.0,12696042.52,9524274.48,1.0
4258,5339713.0,2337705.04,3263119.96,0.0
4715,51054809.0,58565172.54,998771.46,36.0
4040,233569.0,158629.0,86362.0,0.0
1372,1800754.0,2005486.0,310644.0,0.0
1919,955589.0,568181.0,434136.0,0.0
4367,1188123.0,1123282.34,302464.66,0.0
4537,585333.0,10294.0,672595.0,0.0
829,160096.0,1575.0,170179.0,0.0
4665,18278415.0,4707290.75,17226807.25,3.0
4204,6159655.0,4162383.35,2225128.65,0.0
4842,0.0,0.0,0.0,
5308,0.0,0.0,0.0,
4362,6703141.0,2586136.23,5457632.77,1.0
1811,1144273.0,65858.0,1134370.0,0.0
1280,1721649.0,1061701.0,1152684.0,0.0
1330,270514.0,115317.0,232618.0,0.0
4760,2028090.0,2065674.9,368033.1,8.0
4769,29437770.0,35103589.48,221734.52,16.0
904,642180.0,0.0,680344.0,0.0
4438,11864946.0,4696808.9,9493666.1,0.0
5596,0.0,0.0,0.0,
4473,138462140.0,123918887.44,37620275.56,7.0
4383,1847630.0,353421.29,1866733.71,0.0
4472,10146311.0,7438742.91,4799830.09,0.0
4530,8802169.0,1567024.65,8702172.35,0.0
5601,0.0,0.0,0.0,
5197,0.0,0.0,0.0,
4693,645955.0,775145.0,0.0,
5182,6800124.0,1207887.08,5924762.92,0.0
4231,1849647.0,909903.45,1030191.55,0.0
4031,33303150.0,8513468.66,26418205.34,0.0
4415,1038087.0,142176.71,1103526.29,0.0
1620,1596572.0,438582.0,1607048.0,0.0
5229,850016.0,1.81,891580.19,0.0
1142,12662500.0,770742.0,12292800.0,0.0
975,477947.0,154984.0,349438.0,0.0
1759,1487424.0,748191.0,811968.0,0.0
4186,1466986.0,25737.0,1512985.0,0.0
1938,696029.0,594405.0,135660.0,0.0
1929,107640.0,124.0,112780.0,0.0
1647,221756.0,123601.0,160630.0,0.0
4316,252069.0,87980.75,176414.25,0.0
1844,789626.0,34645.0,793594.0,0.0
920,733715.0,112649.0,665409.0,0.0
1887,9889783.0,1129768.0,9243656.0,0.0
4233,450169.0,0.0,472182.0,0.0
4115,1120821.0,0.0,1175629.0,0.0
1947,167808.0,2077.0,173937.0,0.0
4125,170941.0,851.0,178449.0,0.0
1260,1867949.0,491691.0,1875688.0,0.0
4735,2203681.0,2644417.0,0.0,2.0
4171,1122753.0,683521.67,494134.33,0.0
1262,1499776.0,416857.0,1494499.0,0.0
1275,975119.0,389473.0,853245.0,0.0
1331,532552.0,227760.0,449273.0,0.0
4060,154505.0,162060.0,0.0,0.0
1464,5051903.0,1829614.0,4630711.0,0.0
5436,786552.0,902405.08,41455.92,0.0
1441,734852.0,327833.0,599700.0,0.0
4394,17210733.0,4788392.01,15864486.99,0.0
4860,65524782.0,77889554.0,740185.0,3.0
914,653291.0,1410.0,698441.0,0.0
1734,11976387.0,3026040.0,9535992.0,0.0
1456,431305.0,470968.0,72631.0,0.0
4761,707933.0,849520.0,0.0,2.0
5159,1700032.0,740202.54,1042961.46,0.0
1839,700839.0,31975.0,703135.0,0.0
1649,7297770.0,3883177.0,5503215.0,0.0
1289,290087.0,67133.0,305977.0,0.0
839,32456.0,0.0,35435.0,0.0
1557,12562391.0,6389148.0,9768599.0,0.0
1298,186166.0,43799.0,195648.0,0.0
1081,0.0,0.0,0.0,
1818,48743504.0,6165006.44,44962054.56,0.0
4550,1287954.0,625325.07,877287.93,0.0
4456,34514.0,41417.0,0.0,
5243,0.0,0.0,0.0,
5528,0.0,0.0,0.0,
1485,2381785.0,952685.0,2110767.0,0.0
1555,279789.0,205526.0,154339.0,0.0
988,198465.0,0.0,212580.0,0.0
1198,6267137.0,58773.0,6485466.0,0.0
940,251959.0,0.0,271266.0,0.0
4567,53447159.0,51377225.86,10977792.14,0.0
4243,4234411.0,959611.73,3481862.27,0.0
4524,33550357.0,31158395.71,7983687.29,3.0
1552,29150792.0,29831834.0,7475103.0,0.0
1501,4175549.0,3003530.0,2274847.0,0.0
1798,6659122.0,2171512.0,4813241.0,0.0
1396,716100.0,827230.0,93818.0,0.0
5607,0.0,0.0,0.0,
1106,222414.0,0.0,236936.0,0.0
1886,177856.0,5.0,186548.0,0.0
4137,169841.0,2665.0,175481.0,0.0
4505,22357209.0,8268246.38,17815163.62,0.0
5431,0.0,0.0,0.0,
1531,73865.0,16513.0,78492.0,0.0
1596,47541.0,56476.0,4671.0,0.0
1029,84482.0,0.0,90367.0,0.0
1114,297032.0,0.0,315846.0,0.0
5543,1927846.0,2441938.0,0.0,1.0
4508,4773990.0,4235235.82,1334419.18,3.0
1968,7338737.0,3440333.03,4257267.97,0.0
5419,6292416.0,6807441.01,743457.99,3.0
5309,0.0,0.0,0.0,
4339,2999975000.0,2590233790.27,556439987.73,113.0
4273,67122596.0,30733325.72,39671565.28,0.0
925,697749.0,697749.0,0.0,0.0
1127,2590392.0,0.0,2673290.0,0.0
1073,1006536.0,14.0,1057727.0,0.0
1914,425437.0,27665.0,418576.0,0.0
5584,0.0,0.0,0.0,
5461,1837548.0,519012.0,1686045.0,1.0
1774,752281.0,247713.0,541355.0,0.0
5274,0.0,0.0,0.0,
4592,11713482.0,7185966.61,6479762.39,0.0
4079,7441168.0,170358.16,7634682.84,0.0
5503,0.0,0.0,0.0,
1003,304372.0,2718.0,319571.0,0.0
844,1938940.0,0.0,2032964.0,1.0
4762,916460.0,1099752.0,0.0,4.0
5195,5666770.0,2670474.91,3273400.09,0.0
4756,1597497.0,1916996.0,0.0,10.0
827,144445.0,0.0,155247.0,0.0
5275,0.0,0.0,0.0,
4601,2776993.0,1501031.47,1738793.53,1.0
4779,2000971.0,3297303.33,103861.67,16.0
4022,34350163.0,11026893.95,25002992.05,0.0
4713,31988.0,38386.0,0.0,1.0
1408,1264683.0,364363.0,1252681.0,0.0
1174,47907326.0,6205080.0,42532037.0,0.0
5536,0.0,0.0,0.0,
4410,506131.0,99201.0,506131.0,0.0
1482,4195433.0,2408950.0,2920980.0,0.0
5535,0.0,0.0,0.0,
4706,4915910.0,3937029.4,1962062.6,2.0
4589,1986098.0,1471114.19,845999.81,0.0
4792,4434583.0,5321500.0,0.0,5.0
5435,0.0,0.0,0.0,
5441,0.0,0.0,0.0,
1032,512600.0,0.0,540471.0,0.0
5533,0.0,0.0,0.0,
4704,2237635.0,2210423.31,474738.69,6.0
1220,2066828.0,192711.0,1959913.0,0.0
5541,0.0,0.0,0.0,
4807,8354480.0,9415418.17,609956.83,18.0
4725,2566508.0,2068225.0,1011585.0,3.0
4615,62692056.0,11840804.65,61299927.35,0.0
1387,734612.0,272230.0,659897.0,0.0
5407,584083.0,421606.75,279292.25,0.0
4328,568389.0,449085.53,232980.47,0.0
5456,9800256.0,8451093.91,3309213.09,0.0
4293,1098347.0,928865.72,223190.28,0.0
1157,0.0,0.0,0.0,
825,124871.0,2000.0,132551.0,0.0
1118,1363000.0,0.0,1432708.0,0.0
4800,1293830.0,1462499.0,90096.0,8.0
5534,0.0,0.0,0.0,
4618,53938326.0,28091044.77,34837001.23,8.0
4444,1420442.0,384517.84,1414708.16,0.0
1634,721253.0,191902.0,716476.0,0.0
4614,66894028.0,45981653.64,32061379.36,0.0
1840,2765434.0,370357.0,2530307.0,0.0
4795,16883391.0,18761422.6,1498646.4,2.0
5102,441555.0,328574.0,134573.0,0.0
4682,2658100.0,464023.44,2725695.56,1.0
4652,64953333.0,65861808.55,12082190.45,45.0
4747,2110480.0,2309784.44,222791.56,3.0
5583,0.0,0.0,0.0,
4833,322693.0,387232.0,0.0,
4816,218519.0,244601.01,17621.99,0.0
1439,7879153.0,2941821.0,7154189.0,0.0
4406,2570368.0,2233403.82,851038.18,0.0
4619,35293281.0,35923776.78,5251717.22,37.0
4308,152163116.0,24480210.0,135123682.0,0.0
4136,3755594.0,1781605.4,2157637.6,0.0
1425,11388366.0,4533295.0,10058379.0,0.0
1356,5523264.0,2641210.0,4438038.0,0.0
1479,2644965.0,1809571.0,1577925.0,0.0
4069,6676851.0,1284697.0,5718652.0,0.0
4269,12786378.0,8363392.41,5048239.59,0.0
1780,15535593.0,1757166.46,14538117.54,0.0
5515,0.0,0.0,0.0,
1190,4560125.0,0.0,4705953.0,0.0
4409,717721.0,861265.0,0.0,0.0
5447,2097472.0,1361488.01,1155477.99,0.0
4733,354948.0,425937.0,0.0,
4288,1745397.0,296550.83,1534196.17,0.0
4674,1431506.0,908746.52,809061.48,2.0
1568,336179.0,202603.0,226946.0,0.0
4416,6328556.0,629103.42,6965163.58,27.0
1745,3000686.0,300343.0,2847013.0,0.0
1856,368166.0,200664.0,185505.0,0.0
1498,9121106.0,4274152.0,7280835.0,0.0
1978,1289735.0,165940.0,1186863.0,0.0
4377,4442886.0,2234704.87,3092758.13,15.0
5378,1557556.0,133766.04,1735300.96,0.0
1628,10557074.0,8159675.44,5236367.56,0.0
1979,5459858.0,1513140.0,4213705.0,0.0
1585,4813955.0,2898004.0,3238180.0,0.0
4471,1697825.0,1732896.61,297701.39,0.0
4189,808696.0,353165.37,495075.63,0.0
4818,2517812.0,3021374.0,0.0,
1426,7779018.0,2059611.0,7923456.0,0.0
1446,34265302.0,12800956.0,31049019.0,0.0
4559,420705450.0,371104309.9,119718715.1,45.0
1123,288431.0,0.0,304356.0,0.0
4545,385303.0,449520.0,0.0,0.0
5510,1970222.0,2307805.75,56460.25,4.0
5562,0.0,0.0,0.0,
5559,0.0,0.0,0.0,
4808,1684695.0,2021634.0,0.0,1.0
1912,9884338.0,2813441.26,7554240.74,0.0
5203,0.0,0.0,0.0,
5198,0.0,0.0,0.0,
4822,1761176.0,2113411.0,0.0,1.0
4087,11945300.0,3126521.84,9402903.16,0.0
1821,986455.0,502221.0,532472.0,0.0
1909,81558315.0,20740096.45,64806420.55,0.0
1937,635538.0,128644.0,537972.0,0.0
1851,1406262.0,166781.0,1308247.0,0.0
1965,1157602.0,3362.0,1210847.0,0.0
917,75428.0,0.0,82209.0,0.0
1974,9233028.0,971153.0,8713370.0,0.0
4005,955748.0,189785.63,812698.37,0.0
1231,508104.0,24195.0,512332.0,0.0
1257,19497771.0,6155334.0,18906913.0,0.0
5471,0.0,0.0,0.0,
5196,0.0,0.0,0.0,
4696,683441.0,69396.14,750732.86,0.0
5326,0.0,0.0,0.0,
5328,0.0,0.0,0.0,
5560,0.0,0.0,0.0,
5288,454432.0,58874.62,486443.38,0.0
1210,1272680.0,254027.0,1065050.0,0.0
1996,7614076.0,654047.63,7332356.37,0.0
4794,10684766.0,12821719.0,0.0,
1376,3677898.0,1204390.0,3517976.0,0.0
4464,5943923.0,1494151.99,5638555.01,0.0
4813,652688.0,783225.0,0.0,
5561,0.0,0.0,0.0,
5558,0.0,0.0,0.0,
971,49884.0,23864.0,28408.0,0.0
1028,686746.0,1172.0,725333.0,0.0
5555,0.0,0.0,0.0,
4111,3342664.0,3111332.19,394787.81,0.0
1226,3653569.0,1140255.0,2622004.0,0.0
1128,2681951.0,797903.0,2000818.0,0.0
1434,2080994.0,1261513.0,1396381.0,0.0
1239,4380306.0,1740583.0,3887494.0,0.0
1829,21806117.0,7863225.0,15009211.0,0.0
1597,1059511.0,268826.0,1091759.0,0.0
4297,4908607.0,1282804.09,3865833.91,0.0
4296,2611342.0,2445666.96,293370.04,0.0
1237,919106.0,416582.0,528581.0,0.0
1624,3731248.0,3103158.0,1681560.0,0.0
1194,748524.0,109935.0,665630.0,0.0
4751,3809883.0,4571860.0,0.0,3.0
1323,814508.0,478369.0,556864.0,0.0
4321,394982.0,310053.7,104243.3,0.0
4029,13698306.0,2503126.03,11865026.97,0.0
4838,5307428.0,6368913.0,0.0,1.0
5570,0.0,0.0,0.0,
4804,6686178.0,8023413.0,0.0,6.0
4825,14273592.0,17469787.0,0.0,
1453,2415899.0,971694.0,2108337.0,0.0
4077,3353199.0,217819.0,3299351.0,0.0
1580,7534746.0,3877016.0,5694936.0,0.0
1805,6507249.0,2111738.0,4713715.0,0.0
5470,0.0,0.0,0.0,
5556,0.0,0.0,0.0,
4298,1445748.0,69253.2,1447192.8,0.0
5263,425008.0,145213.5,300576.5,0.0
4844,757697.0,909236.0,0.0,
5161,1133354.0,505191.95,683583.05,0.0
4177,34621468.0,122.53,36314335.47,0.0
4836,622359.0,746830.0,0.0,
906,530707.0,1488.0,557519.0,0.0
1931,4625779.0,2156105.0,2695875.0,0.0
1702,2063385.0,628359.0,2021318.0,0.0
5484,0.0,0.0,0.0,
5100,441555.0,224702.52,238444.48,0.0
5540,2570461.0,3084553.0,0.0,1.0
4671,621512134.0,715099842.95,30714718.05,51.0
4600,9906474.0,8744699.8,2812853.2,2.0
4533,4071985.0,4200179.25,550468.75,3.0
1009,10805703.0,569118.0,10537038.0,2.0
5529,0.0,0.0,0.0,
939,42273.0,0.0,46153.0,0.0
4855,3836374.0,4603649.0,0.0,1.0
1274,769161.0,194640.0,778869.0,0.0
1771,10929736.0,5397995.0,6066205.0,0.0
4669,264913.0,317896.0,0.0,1.0
4333,468670.0,108865.16,382722.84,0.0
4435,6397491.0,544289.22,7132699.78,0.0
4159,1525687.0,468268.04,1132024.96,0.0
4411,5103300.0,2614640.01,3488905.99,1.0
5307,1889043.0,2266851.0,0.0,0.0
5557,0.0,0.0,0.0,
5568,0.0,0.0,0.0,
5567,0.0,0.0,0.0,
5512,0.0,0.0,0.0,
888,94251.0,0.0,102177.0,1.0
1941,4222540.0,3432987.0,996035.0,0.0
1051,495353.0,14076.0,509063.0,0.0
967,147296.0,0.0,158935.0,0.0
5511,0.0,0.0,0.0,
1717,10186020.0,8922132.0,4153948.0,0.0
1709,13119696.0,8137288.0,8707734.0,0.0
5516,0.0,0.0,0.0,
1982,3104513.0,2682282.0,574042.0,0.0
4374,643124.0,402105.25,367069.75,0.0
1285,87527.0,26227.0,86350.0,0.0
4582,268815.0,322578.0,0.0,
4053,421008.0,390.0,441205.0,0.0
5514,0.0,0.0,0.0,
5564,0.0,0.0,0.0,
4088,257830.0,23518.0,246920.0,0.0
1576,501450.0,117827.0,527138.0,0.0
5212,425008.0,445791.0,0.0,
4011,1749120.0,371134.0,1463518.0,0.0
1955,1386668.0,388703.0,1065773.0,0.0
1183,836786.0,0.0,883110.0,0.0
5513,0.0,0.0,0.0,
1834,1265864.0,46881.0,1280884.0,0.0
4668,382659.0,459191.0,0.0,3.0
4168,6248080.0,2275715.04,4277895.96,0.0
5565,0.0,0.0,0.0,
5569,0.0,0.0,0.0,
5566,0.0,0.0,0.0,
5563,0.0,0.0,0.0,
5209,0.0,0.0,0.0,
5399,0.0,0.0,0.0,
5403,0.0,0.0,0.0,
5406,2336332.0,2803415.0,0.0,
1971,74009510.0,14282292.86,63346282.14,0.0
4580,3896541.0,3423802.59,1122162.41,0.0
4334,1151232.0,113737.38,1270811.62,0.0
4403,569052.0,80506.75,602356.25,0.0
4392,748633.0,75030.1,821332.9,0.0
5210,0.0,0.0,0.0,
5466,918774.0,775637.9,326891.1,1.0
4593,4271026.0,739520.11,4243342.89,0.0
4277,261971744.0,136858296.4,137923865.6,32.0
4773,27999.0,33599.0,0.0,
1768,24289286.0,6895908.0,18525751.0,0.0
4651,3584016.0,3413929.05,886888.95,1.0
4155,6364021.0,838665.0,5836557.0,0.0
4650,7523378.0,5598293.02,3178979.98,1.0
4120,275121.0,13934.99,274639.01,0.0
4647,620252.0,357911.87,365715.13,1.0
4516,9169426.0,3531159.87,7166504.13,0.0
4502,14483054.0,6743315.27,10153580.73,0.0
4196,1117328.0,72441.86,1099523.14,0.0
4311,491365.0,1627.06,513765.94,0.0
1598,144533.0,185898.0,0.0,0.0
4712,4619691.0,5543629.0,0.0,2.0
1279,12558624.0,4400946.0,11742244.0,0.0
1290,186432.0,39007.0,200782.0,0.0
4072,3047194.0,973604.0,2222598.0,0.0
1105,253214.0,0.0,268598.0,0.0
4092,1487743.0,4772.68,1555721.32,0.0
4606,3201741.0,2816972.48,918392.52,6.0
1862,1568221.0,573023.0,1071884.0,0.0
1411,1532224.0,745010.0,1225737.0,0.0
4624,2531434.0,915325.6,2038013.4,0.0
4802,29363.0,35236.0,0.0,
4616,4112648.0,2261458.8,2536629.2,0.0
1661,2718456.0,1750162.0,1713943.0,0.0
1392,1780705.0,498305.0,1792038.0,0.0
1211,437358.0,42686.0,413384.0,0.0
1515,956981.0,593136.0,633024.0,0.0
1981,73144649.0,5171685.0,71549737.0,0.0
4024,8710709.0,2757892.93,6378770.07,0.0
4846,294369.0,353242.0,0.0,
1907,3881250.0,4012142.0,58901.0,0.0
1334,9341339.0,2467984.0,9520801.0,0.0
4422,66707.0,80048.0,0.0,0.0
4002,5046137.0,782398.0,4510495.0,0.0
4094,3341914.0,86753.4,3418580.6,0.0
5571,0.0,0.0,0.0,
4730,2112475.0,2438969.0,96000.0,5.0
4249,3949544.0,1387506.99,2755170.01,0.0
4521,15061263.0,12018371.01,5553102.99,0.0
4767,511797.0,547963.17,66191.83,2.0
1556,3948349.0,2454897.0,2541082.0,0.0
4622,502078.0,585758.0,0.0,0.0
5582,0.0,0.0,0.0,
4042,7221102.0,1517428.7,6056785.3,0.0
4621,917414.0,363127.0,707189.0,0.0
4045,886361.0,209500.0,720204.0,0.0
4253,1684832.0,1343083.32,424136.68,0.0
1544,1976046.0,933118.0,1593757.0,0.0
1134,82051989.0,8069170.0,75475623.0,0.0
1375,714895.0,205656.0,710833.0,0.0
5156,0.0,0.0,0.0,
1984,7832283.0,538608.0,7676674.0,0.0
1915,3341484.0,724179.0,2780704.0,0.0
4629,3434609.0,783935.0,3223109.0,0.0
5190,0.0,0.0,0.0,
5191,0.0,0.0,0.0,
5382,2336334.0,1035292.25,1768308.75,1.0
4458,6377851.0,6013843.2,1639577.8,5.0
4787,2098960.0,2518752.0,0.0,14.0
4709,24956394.0,27010407.22,2937265.78,9.0
1960,7159924.0,2997354.11,4512689.89,0.0
4529,9812891.0,6639053.88,4809319.12,0.0
5193,0.0,0.0,0.0,
1999,15053281.0,4160174.18,11629211.82,0.0
5158,1133354.0,1076687.0,112088.0,0.0
1153,4022509.0,170382.0,3984255.0,0.0
1370,5625419.0,2118273.0,5117141.0,0.0
1419,5859732.0,1696579.0,5840208.0,0.0
5289,0.0,0.0,0.0,
5291,0.0,0.0,0.0,
4414,1143919.0,156515.58,1216188.42,0.0
5493,4925555.0,5910666.0,0.0,8.0
1658,1198146.0,692928.0,843339.0,0.0
1697,2003052.0,930681.0,1638715.0,0.0
1830,6204157.0,3444132.0,3063408.0,0.0
4305,10136842.0,3293505.55,7339028.45,0.0
4503,22688907.0,13654151.74,12816239.26,21.0
918,160525.0,110525.0,54590.0,0.0
4344,246289689.0,120106363.08,175445086.92,15.0
5154,3400062.0,2658633.76,907691.24,0.0
1369,3292556.0,841514.0,3344251.0,0.0
5517,0.0,0.0,0.0,
4736,495712.0,579414.7,15439.3,2.0
1791,406266164.0,42216519.23,383916059.77,0.0
1379,231827393.0,96811353.0,201035427.0,0.0
5572,0.0,0.0,0.0,
5608,0.0,0.0,0.0,
4690,36995.0,44394.0,0.0,
5293,16371706.0,18098440.82,1547606.18,13.0
1730,705251.0,448736.0,454660.0,0.0
4463,1405975.0,85557.86,1601612.14,0.0
4528,21572999.0,21563810.57,3604688.43,0.0
4122,3890685.0,30.0,4080910.0,0.0
974,1327546.0,167501.0,1235607.0,0.0
1146,1101577.0,40000.0,1117782.0,0.0
1222,448468.0,133373.0,333938.0,0.0
5464,918774.0,1056329.0,0.0,0.0
4026,2107500.0,411848.0,1798709.0,0.0
4211,5225692.0,1881785.86,3599442.14,0.0
4388,258110.0,255948.5,53783.5,0.0
4758,6310725.0,7421299.05,151570.95,13.0
4405,219625.0,256592.28,6957.72,0.0
5458,2756322.0,2690438.69,617147.31,2.0
4448,0.0,0.0,0.0,
4361,5442015.0,1416501.55,5113916.45,0.0
4378,334632.0,261963.11,138255.89,0.0
5486,0.0,0.0,0.0,
4643,3272140.0,3315178.2,502318.8,2.0
4371,365063.0,406597.13,30018.87,0.0
4569,81842177.0,50873117.24,44609422.76,14.0
4701,8604944.0,10325933.0,0.0,11.0
831,0.0,0.0,0.0,
1655,412192.0,222552.0,307609.0,0.0
1491,19901515.0,9039790.0,16387580.0,0.0
4848,2546700.0,3056040.0,0.0,
1097,1771382.0,0.0,1851515.0,0.0
951,373789.0,0.0,391009.0,0.0
1502,123328.0,103963.0,54661.0,0.0
4662,1650791.0,1618573.5,362375.5,0.0
4372,6051557.0,5364404.15,1873257.85,0.0
1293,4543480.0,1784017.0,4034816.0,0.0
1525,144980.0,179224.0,7249.0,0.0
1874,4866150.0,796006.0,4308099.0,0.0
1227,5866126.0,439291.0,5656107.0,0.0
1318,2007672.0,1127892.0,1454376.0,0.0
1605,71736951.0,32573682.96,59190787.04,0.0
5349,0.0,0.0,0.0,
5155,2125040.0,1912223.34,316730.66,0.0
1570,222579.0,120505.0,165776.0,0.0
4631,457038.0,507820.0,0.0,
4478,1255154.0,1044319.6,420026.4,2.0
4248,1290098.0,621515.77,731668.23,0.0
1688,12157523.0,7282160.0,8187875.0,0.0
4443,505192.0,18800.24,587428.76,0.0
5573,0.0,0.0,0.0,
4275,141413.0,77135.83,71192.17,0.0
4678,545300.0,421667.71,232692.29,1.0
1503,81346.0,66927.0,37700.0,0.0
4483,16219745.0,2408330.73,16514705.27,1.0
5609,0.0,0.0,0.0,
4080,66975168.0,14893210.71,55357043.29,0.0
4428,16339949.0,12593669.63,7014268.37,0.0
1428,288945.0,129298.0,237017.0,1.0
4140,809763.0,795141.27,54218.73,0.0
1784,84351.0,35661.0,52815.0,0.0
1715,660466.0,226126.0,620770.0,0.0
4670,49781.0,59737.0,0.0,
5579,0.0,0.0,0.0,
4683,184887067.0,193252255.01,28612224.99,29.0
5285,605909.0,640049.11,87039.89,0.0
1307,143014.0,69965.0,111961.0,0.0
4556,1364431.0,1134810.24,457024.76,0.0
5504,985111.0,1182133.0,0.0,4.0
4653,1256924.0,1508307.0,0.0,
4216,927812.0,458638.83,514543.17,0.0
4393,210657026.0,140996214.49,111792216.51,1.0
4263,28992576.0,14811561.89,15598751.11,0.0
5282,1363296.0,1257021.7,378932.3,0.0
1786,225071189.0,52267433.55,183809736.45,0.0
4356,694937.0,652666.26,76252.74,0.0
4051,10776528.0,6421172.86,4882327.14,0.0
4496,92300480.0,71870498.48,35813394.52,2.0
5385,1752249.0,180480.85,1922217.15,0.0
905,108729.0,4488.0,113572.0,0.0
991,1035172.0,0.0,1106889.0,0.0
5550,0.0,0.0,0.0,
866,952850.0,25131.0,992823.0,0.0
4266,6673669.0,2191615.14,4808395.86,0.0
1790,739125.0,170381.0,604887.0,0.0
5551,0.0,0.0,0.0,
5306,0.0,0.0,0.0,
4341,577816.0,562879.0,130500.0,0.0
1778,174186.0,129633.0,53071.0,0.0
5549,0.0,0.0,0.0,
4743,175978.0,211174.0,0.0,
4699,176608801.0,202683161.3,9247399.7,23.0
1240,3599215.0,379604.0,3479614.0,1.0
4702,5689252.0,5662972.84,1164129.16,13.0
4700,1299562.0,1559474.0,0.0,2.0
1499,741957.0,437388.0,507031.0,0.0
4499,36202311.0,35744999.69,7697773.31,1.0
4235,9433057.0,923189.41,8971143.59,0.0
5281,454432.0,19655.85,525662.15,0.0
4491,77741160.0,74337540.19,16360479.81,12.0
4685,8362693.0,6365659.37,3669572.63,5.0
5509,0.0,0.0,0.0,
4493,35143994.0,38316548.67,2684777.33,20.0
5170,2975056.0,66093.09,3054442.91,0.0
1386,1760576.0,582865.0,1663497.0,0.0
1406,1353051.0,590501.0,1149793.0,0.0
1905,6215625.0,3118548.0,3401021.0,0.0
4553,1890966.0,620608.98,1585518.02,0.0
4466,10101186.0,7765054.01,4356368.99,19.0
1458,1170401.0,754768.0,750602.0,0.0
4635,23470111.0,22292068.65,5089727.35,0.0
1567,113870.0,32590.0,113870.0,0.0
1948,244631.0,14491.0,242102.0,0.0
1711,12188943.0,14638587.0,1038831.0,0.0
4348,3843668.0,2040053.27,2572348.73,0.0
4832,86540016.0,103848019.0,0.0,
4123,46597.0,48876.0,0.0,
998,9349946.0,0.0,9648064.0,0.0
1309,1788622.0,429983.0,1847365.0,0.0
4066,122498.0,49524.33,78963.67,0.0
1027,8009578.0,0.0,8289061.0,0.0
5283,1817727.0,418231.63,1763041.37,1.0
1816,211628.0,128387.0,93590.0,0.0
1559,165659.0,58474.0,154535.0,0.0
1590,0.0,0.0,0.0,
4721,6678626.0,5647322.87,2367028.13,5.0
4347,830700.0,337182.99,659657.01,0.0
5388,1752249.0,828478.63,1274220.37,0.0
5457,2756322.0,2489151.57,818434.43,1.0
4485,555111902.0,495758226.27,151872325.73,263.0
4835,2465887.0,2959064.0,0.0,
1687,1988719.0,997510.0,1560380.0,0.0
1336,345628.0,138688.0,304005.0,0.0
1488,69473.0,17695.0,71661.0,0.0
1008,734215126.0,191919.0,745837749.0,3.0
4043,148553.0,39476.25,116340.75,0.0
1698,519457.0,161457.0,506120.0,0.0
5222,0.0,0.0,0.0,
5215,0.0,0.0,0.0,
983,474895.0,0.0,505868.0,0.0
4656,4004140.0,975354.56,3829613.44,5.0
1358,100571.0,24681.0,103931.0,0.0
4729,4371103.0,5245324.0,0.0,3.0
1951,338662.0,206263.0,148960.0,0.0
5335,0.0,0.0,0.0,
4427,3918492.0,1898520.58,2787994.42,0.0
4163,949379.0,600825.3,394978.7,0.0
4716,199656.0,239587.0,0.0,5.0
4178,251914.0,46726.37,217506.63,0.0
1199,1584709.0,2.0,1663277.0,0.0
876,172145.0,0.0,187122.0,0.0
4207,584065.0,197058.43,415567.57,0.0
4740,1813297.0,2162831.46,13124.54,2.0
4073,437143.0,355676.07,102842.93,0.0
4215,2201422.0,457442.25,1851629.75,0.0
1315,620630.0,127417.0,662973.0,0.0
1995,1779618.0,824853.0,1041788.0,0.0
4500,16870737.0,13706010.5,5976515.5,0.0
4001,1528508.0,1042021.0,561231.0,0.0
1077,311787.0,0.0,330687.0,0.0
4830,368452297.0,438057920.08,3084835.92,8.0
1361,19591125.0,6073275.0,18838111.0,0.0
4750,19257318.0,21771763.94,1337018.06,24.0
1817,11628628.0,1562884.56,10634383.44,0.0
923,61670.0,4.0,67327.0,0.0
4829,158292135.0,189950562.0,0.0,3.0
1686,12699596.0,7286805.0,8877853.0,0.0
5488,0.0,0.0,0.0,
1963,1463196.0,238715.97,1296030.03,0.0
5099,331166.0,0.0,347360.0,0.0
5110,331166.0,0.0,347360.0,0.0
5090,441555.0,427930.75,35216.25,0.0
4292,4195484.0,1258939.97,3141703.03,0.0
5105,331166.0,315730.0,31630.0,0.0
4642,1086283.0,402933.24,864396.76,1.0
4563,55965160.0,52486157.27,12806529.73,14.0
1089,0.0,0.0,0.0,
5166,0.0,0.0,0.0,
1617,46820.0,12436.0,46967.0,0.0
5472,0.0,0.0,0.0,
4338,25226022.0,14838394.6,15432832.4,0.0
4784,7045024.0,8039576.63,414452.37,13.0
5580,0.0,0.0,0.0,
5432,0.0,0.0,0.0,
5087,441555.0,111598.91,351548.09,0.0
5094,441555.0,429544.78,33602.22,0.0
5390,0.0,0.0,0.0,
5402,0.0,0.0,0.0,
5242,0.0,0.0,0.0,
5098,441555.0,419996.34,43150.66,0.0
4586,45770712.0,16200831.78,37198331.22,170.0
5319,0.0,0.0,0.0,
5322,0.0,0.0,0.0,
1148,3024523.0,1041243.0,2072594.0,0.0
898,1207223.0,140941.0,1138882.0,0.0
1196,6544712.0,1964055.0,4770785.0,0.0
5485,0.0,0.0,0.0,
984,0.0,0.0,0.0,
4312,33742.0,33742.0,1650.0,0.0
5104,441555.0,441606.53,21540.47,0.0
4782,544695.0,353061.81,300572.19,1.0
1998,14196201.0,3928091.0,10962304.0,0.0
1024,82983.0,0.0,88782.0,0.0
1048,960417.0,95511.0,906187.0,0.0
5433,0.0,0.0,0.0,
1682,5773105.0,2858429.0,4507985.0,0.0
1641,1094250.0,749537.0,657887.0,0.0
5334,1889043.0,1566742.78,700108.22,0.0
1090,0.0,0.0,0.0,
4815,0.0,0.0,0.0,
4745,389004.0,466805.0,0.0,3.0
5437,0.0,0.0,0.0,
5438,0.0,0.0,0.0,
4801,433199.0,519839.0,0.0,
4369,572747.0,675093.43,12202.57,0.0
1536,284199.0,210087.0,155450.0,0.0
4132,499910.0,140326.0,384030.0,0.0
1522,2402081.0,1081243.0,2008314.0,0.0
1474,1151285.0,638057.0,842726.0,0.0
4121,762282.0,517192.92,282365.08,0.0
4752,1901205.0,2216572.76,64873.24,7.0
4710,1678823.0,2014588.0,0.0,8.0
5207,0.0,0.0,0.0,
4806,75217379.0,88502578.66,1758276.34,4.0
4821,9298669.0,11075577.0,82826.0,0.0
4358,7775136.0,1419799.2,7910363.8,0.0
4726,178746.0,214495.0,0.0,0.0
1831,7463347.0,843718.45,6984586.55,0.0
4127,373420.0,126080.73,265599.27,0.0
1291,490555.0,249316.0,381636.0,0.0
4628,234783.0,248609.61,25304.39,1.0
4504,7503891.0,1682568.67,7071970.33,0.0
5343,0.0,0.0,0.0,
4342,412393.0,130079.17,302479.83,0.0
4218,4124526.0,501266.17,3824948.83,0.0
4495,5044153.0,5557478.69,327366.31,0.0
5164,0.0,0.0,0.0,
1087,0.0,0.0,0.0,
1305,84390.0,97197.0,11345.0,0.0
4742,1232408.0,1478890.0,0.0,3.0
5585,0.0,0.0,0.0,
1903,624038.0,281597.0,372956.0,0.0
5341,0.0,0.0,0.0,
5354,0.0,0.0,0.0,
5365,0.0,0.0,0.0,
5367,0.0,0.0,0.0,
5357,0.0,0.0,0.0,
5366,0.0,0.0,0.0,
5358,0.0,0.0,0.0,
5364,0.0,0.0,0.0,
5362,0.0,0.0,0.0,
5356,0.0,0.0,0.0,
5530,0.0,0.0,0.0,
5371,0.0,0.0,0.0,
5369,0.0,0.0,0.0,
5370,0.0,0.0,0.0,
5368,0.0,0.0,0.0,
5372,0.0,0.0,0.0,
4515,21227087.0,9352492.06,15412443.94,0.0
4663,96768780.0,43345434.03,72777101.97,2.0
1574,955734.0,432041.0,797224.0,0.0
4494,43160683.0,38678035.26,11676094.74,1.0
1343,558025.0,351307.0,346748.0,0.0
5232,0.0,0.0,0.0,
5231,0.0,0.0,0.0,
5305,0.0,0.0,0.0,
4278,898247.0,25580.13,916590.87,0.0
5169,0.0,0.0,0.0,
5177,0.0,0.0,0.0,
1678,15545700.0,9970396.0,9858211.0,0.0
1769,1207630.0,453882.0,812801.0,0.0
1107,401479.0,0.0,423004.0,0.0
4607,36379511.0,38492870.36,3949892.64,0.0
1558,3239289.0,1921360.0,2245014.0,0.0
4538,2625134.0,1267607.27,1795048.73,0.0
985,877466.0,0.0,926045.0,0.0
4507,38395080.0,19165215.09,25629044.91,3.0
1085,0.0,0.0,0.0,
5165,0.0,0.0,0.0,
5167,0.0,0.0,0.0,
1287,5103854.0,3366032.0,3182052.0,0.0
4138,7289149.0,109565.94,7536022.06,0.0
1149,497849.0,0.0,524046.0,0.0
5116,331166.0,141961.59,205398.41,0.0
1606,103449143.0,42462376.0,90546358.0,0.0
5454,0.0,0.0,0.0,
5427,0.0,0.0,0.0,
4294,2705670.0,903863.79,1934113.21,0.0
1577,17768290.0,5905837.0,16609685.0,0.0
5468,0.0,0.0,0.0,
1219,507617.0,79887.0,452417.0,0.0
5469,0.0,0.0,0.0,
1241,311880.0,20067.0,302741.0,0.0
1359,417266.0,253676.0,273677.0,0.0
1344,3024696.0,1867556.0,1922332.0,0.0
1249,15291469.0,712798.0,15005046.0,1.0
5174,0.0,0.0,0.0,
4148,899235.0,870249.85,72958.15,0.0
1497,82863.0,106578.0,0.0,
4300,516700.0,494754.6,47212.4,0.0
4843,12063830.0,14101615.42,374980.58,1.0
4035,491583.0,727.0,514894.0,0.0
5239,0.0,0.0,0.0,
1138,993387.0,0.0,1044673.0,0.0
4575,23800615.0,17593769.57,10173613.43,0.0
4749,9503931.0,11343976.85,60740.15,12.0
4239,3195940.0,1192161.33,2160059.67,0.0
1130,2702413.0,0.0,2817093.0,0.0
4731,5303748.0,4996737.97,1367759.03,8.0
4531,14638880.0,1790165.67,15288527.33,0.0
1302,477906.0,507221.0,107462.0,0.0
1381,9505039.0,8058998.0,4038077.0,0.0
1602,11513302.0,4330971.0,10236074.0,0.0
1345,83390027.0,30173060.0,76656943.0,0.0
1092,0.0,0.0,0.0,
4658,1856909.0,1104497.11,1123791.89,0.0
1806,4405268.0,673089.85,3947586.15,0.0
4519,2558816.0,631478.14,2439099.86,0.0
4659,3107244.0,939175.39,2789516.61,0.0
4623,681371.0,666076.5,128856.5,1.0
1680,263916.0,84843.0,238501.0,0.0
1595,13510549.0,5525003.0,11497847.0,0.0
4666,904164.0,148737.51,936259.49,0.0
4596,1633875.0,1759222.32,146965.68,13.0
4543,2555886.0,416996.41,2564870.59,0.0
4028,5481585.0,597098.07,5152535.93,0.0
4520,27291666.0,17311442.77,14528834.23,3.0
4510,20616855.0,20725037.6,3327960.4,11.0
1136,34729178.0,10602550.0,24685040.0,0.0
5586,0.0,0.0,0.0,
1551,84817722.0,27759177.09,80168489.91,0.0
1561,88500525.0,28613498.83,84000410.17,0.0
1460,877801.0,693521.0,423565.0,0.0
4068,15604764.0,2672155.6,13695681.4,0.0
882,552975.0,206279.0,371318.0,0.0
5519,0.0,0.0,0.0,
1095,15542791.0,3290840.0,12664211.0,0.0
4381,3742816.0,337794.75,4153584.25,0.0
4638,575594.0,565789.62,105735.38,1.0
4424,9148172.0,1716584.21,9261221.79,0.0
4421,34819785.0,4733135.37,36960436.63,0.0
4536,6083072.0,5047154.8,2049762.2,1.0
1792,54014258.0,19575205.73,37080349.27,0.0
1083,0.0,0.0,0.0,
1535,864129.0,340077.0,771366.0,0.0
1808,525150.0,231062.0,319768.0,0.0
5587,0.0,0.0,0.0,
4447,3081727.0,708920.84,2989151.16,0.0
4755,7179563.0,8492663.5,122812.5,13.0
4380,438023.0,494781.63,30845.37,0.0
5538,0.0,0.0,0.0,
4251,6067611.0,833834.17,5530482.83,0.0
4429,5138510.0,1737784.47,4407872.53,0.0
5404,584083.0,667700.0,33200.0,0.0
4287,960588.0,732536.07,275024.93,0.0
5537,0.0,0.0,0.0,
5423,1048736.0,1071123.17,187359.83,1.0
4304,1270887.0,1365.85,1331667.15,0.0
5103,441555.0,425697.05,37449.95,0.0
5101,441555.0,424468.42,38681.58,0.0
5106,441555.0,416430.38,46716.62,0.0
1233,2977129.0,1714908.0,1322791.0,0.0
1244,5400000.0,2703167.0,2801027.0,0.0
5108,441555.0,432562.05,30584.95,0.0
5109,772721.0,372062.12,438444.88,0.0
1164,10161702.0,0.0,10494407.0,0.0
1122,1146777.0,-12812.0,1217147.0,0.0
5113,441555.0,418602.24,44544.76,0.0
5473,918774.0,1102528.0,0.0,2.0
4617,8003472.0,1946336.48,7391047.52,0.0
1065,729306.0,0.0,766460.0,0.0
1066,579597.0,281808.0,315536.0,0.0
1058,1144903.0,51383.0,1149099.0,0.0
4603,822173.0,37471.34,921730.66,0.0
4332,820588928.0,504287828.96,480418884.04,149.0
5552,5783538.0,6940245.0,0.0,
1825,5131637.0,250527.0,5132047.0,0.0
1500,3045397.0,1370100.0,2546890.0,0.0
4059,1663589.0,829782.0,915156.0,0.0
4061,976180.0,454245.0,569670.0,0.0
987,0.0,0.0,0.0,
4071,2146962.0,515580.0,1736368.0,0.0
5577,0.0,0.0,0.0,
4093,2605297.0,479627.0,2253069.0,0.0
1319,1211989.0,268954.0,1289906.0,0.0
5230,0.0,0.0,0.0,
4679,1824514.0,1544082.07,645334.93,5.0
5574,0.0,0.0,0.0,
1455,1115555.0,621362.0,813465.0,0.0
1696,1091647.0,527027.0,877049.0,0.0
4101,1139196.0,382801.0,812102.0,0.0
5518,0.0,0.0,0.0,
4222,12507796.0,1832894.63,11286532.37,0.0
1410,4798643.0,2325465.0,3846550.0,0.0
1378,12356664.0,4831700.0,11061441.0,0.0
1893,1788581.0,818476.0,1057567.0,0.0
4286,43749199.0,9942112.48,35946422.52,0.0
5610,0.0,0.0,0.0,
4452,1597816.0,1465519.42,451859.58,0.0
4542,3591241.0,1144891.16,3044889.84,0.0
4241,48037214.0,8357484.24,42028749.76,0.0
4766,2910421.0,3492505.0,0.0,
4551,1272613.0,1016472.63,468242.37,0.0
4840,548520.0,658224.0,0.0,
4390,3241946.0,279805.94,3610529.06,0.0
4437,139881.0,28820.21,139036.79,0.0
4210,4845390.0,1233911.9,3848418.1,0.0
1918,2175673.0,1318661.0,963402.0,0.0
1838,7176483.0,3243589.0,4283824.0,0.0
4219,1531936.0,369142.72,1237705.28,0.0
4220,1063290.0,395011.62,720273.38,0.0
4449,3193059.0,525974.65,3305696.35,0.0
1099,10375053.0,1927.0,10736206.0,0.0
1004,451358.0,204766.0,261138.0,0.0
4221,1176567.0,175260.6,1058840.4,0.0
4744,532673.0,132365.16,506842.84,0.0
4236,1359816.0,702599.78,723711.22,0.0
853,149949.0,45326.0,114017.0,0.0
1061,202047.0,0.0,213604.0,0.0
1036,363685.0,0.0,382602.0,0.0
4780,1076443.0,1291732.0,0.0,2.0
4626,5830969.0,1441895.59,5360901.41,0.0
5396,0.0,0.0,0.0,
4754,7034536.0,8441443.0,0.0,8.0
5421,786552.0,166360.0,777501.0,0.0
4157,369304.0,139938.13,247424.87,0.0
5409,0.0,0.0,0.0,
4722,1431906.0,375006.03,1343280.97,0.0
4790,4499800.0,5102289.37,297470.63,8.0
4548,4814730.0,3280173.82,2337011.18,0.0
4727,2254424.0,1833506.37,871802.63,4.0
4565,466700.0,38892.05,505590.95,0.0
4475,2428451.0,289798.33,2543394.67,0.0
4477,919713.0,147519.46,925478.54,0.0
4089,1525853.0,386520.46,1213946.54,0.0
4255,3934374.0,1983626.5,2143138.5,0.0
1881,511054.0,280907.0,255138.0,0.0
1306,25867081.0,11660149.0,21423043.0,0.0
4645,5525042.0,6042869.81,587180.19,5.0
1679,4136752.0,2936977.0,2327370.0,0.0
4697,18350834.0,18373906.14,3647093.86,6.0
1161,251000.0,0.0,265512.0,0.0
1218,1262055.0,0.0,1313781.0,0.0
1393,2765757.0,1878891.0,1575675.0,0.0
4598,3511045.0,2552410.07,1543808.93,0.0
1045,301860.0,0.0,319172.0,0.0
4579,2114072.0,441415.29,2025001.71,1.0
5578,0.0,0.0,0.0,
4459,3288187.0,459745.64,3486078.36,0.0
4470,1972004.0,1807778.53,550736.47,0.0
5480,918774.0,1102528.0,0.0,6.0
4445,962101.0,182800.42,971720.58,0.0
5520,0.0,0.0,0.0,
1481,797703.0,588508.0,423256.0,0.0
1300,4130244.0,1647483.0,3599288.0,0.0
4214,13277200.0,4428898.65,9497556.35,0.0
4698,14263213.0,17007106.0,108750.0,7.0
4771,502776.0,603331.0,0.0,1.0
4440,10387963.0,2852257.94,9613297.06,0.0
4851,443250.0,537240.0,0.0,
4608,531435.0,488491.87,131516.13,2.0
4291,3717287.0,305725.94,3593336.06,0.0
4084,3660183.0,394805.24,3444360.76,0.0
4714,65399.0,78479.0,0.0,2.0
1215,3952513.0,451322.0,3619095.0,0.0
1167,1375224.0,79333.0,1354321.0,0.0
5233,2550048.0,1361524.9,1313220.1,0.0
4798,181338158.0,217605790.0,0.0,252.0
4512,51671589.0,26637898.25,33645622.75,7.0
5521,0.0,0.0,0.0,
910,431401.0,128312.0,334274.0,0.0
1010,8983333.0,1546027.0,7695859.0,0.0
1057,282829.0,16365.0,277924.0,0.0
5160,0.0,0.0,0.0,
1615,582089.0,748683.0,0.0,0.0
1327,437354.0,219116.0,343409.0,0.0
4063,692472.0,0.0,726334.0,0.0
1197,3246608.0,289644.0,3072370.0,0.0
4602,8635206.0,5453497.02,4620909.98,2.0
4562,129609026.0,100275087.19,50935442.81,2.0
4112,191716.0,61065.0,140026.0,0.0
4823,226804.0,272164.0,0.0,
1776,6294825.0,694469.0,5908173.0,0.0
1600,251845.0,145723.0,178200.0,0.0
960,0.0,0.0,0.0,
1925,4118251.0,1498605.96,2821027.04,0.0
1699,14984795.0,8091585.0,11181858.0,0.0
5168,2550048.0,222507.97,2452237.03,0.0
4634,9795692.0,5966521.67,5461785.33,10.0
836,80503.0,25503.0,59946.0,0.0
5237,0.0,0.0,0.0,
4695,498075.0,77398.9,520291.1,0.0
5428,0.0,0.0,0.0,
5429,0.0,0.0,0.0,
5440,0.0,0.0,0.0,
5443,0.0,0.0,0.0,
5444,0.0,0.0,0.0,
4319,5013225.0,151459.95,5106912.05,0.0
1273,1752600.0,489469.0,1764725.0,0.0
4673,1165933863.0,1325281005.31,73839630.69,224.0
4439,2952908.0,991087.63,2552402.37,0.0
4019,22049776.0,8586412.81,14541597.19,0.0
1553,3119700.0,3036191.0,924963.0,0.0
4824,623355.0,752068.0,20778.0,0.0
4442,10478625.0,4037706.6,8536643.4,0.0
4680,37661846.0,35546616.75,9647598.25,36.0
4257,1852256.0,1836227.59,106603.41,0.0
1675,41025918.0,19827855.0,32870167.0,0.0
1402,6785243.0,2536649.0,6185233.0,0.0
863,1055219.0,0.0,1120338.0,0.0
1462,921451.0,256926.0,928244.0,0.0
1579,5661699.0,5098975.0,2183102.0,0.0
1626,2403374.0,2519784.0,571436.0,0.0
1741,38553054.0,19203614.0,21234684.0,0.0
1562,127800.0,63125.0,101251.0,0.0
5353,0.0,0.0,0.0,
4633,142491.0,1013.87,165225.13,0.0
1638,311005.0,161939.0,238076.0,0.0
4640,2785505.0,3062689.26,187065.74,0.0
1539,92911919.0,30590979.46,87636278.54,0.0
1545,102461271.0,28445441.0,102446410.0,0.0
4144,3788878.0,145580.0,3828574.0,0.0
1463,1995550.0,869558.0,1697118.0,0.0
1773,6675730.0,1684974.0,5317199.0,0.0
1934,3493006.0,2084779.0,1579035.0,0.0
4774,2817779.0,3335283.78,46051.22,10.0
1160,1286415.0,4252.0,1349833.0,0.0
4688,41635.0,38721.25,11240.75,0.0
1923,578466.0,541841.0,64912.0,0.0
5208,0.0,0.0,0.0,
5463,918774.0,868506.64,234022.36,3.0
1549,41485128.0,15295959.0,37574846.0,0.0
1524,109588.0,124908.0,16044.0,0.0
4454,1915169.0,1711445.76,586757.24,3.0
4687,122861.0,138833.0,8600.0,2.0
4474,2080994.0,1456831.33,970995.67,0.0
1708,2037787.0,2164491.0,456511.0,0.0
4741,4973161.0,3000055.33,2967737.67,2.0
1980,91541197.0,3490996.0,92526566.0,0.0
1150,283250.0,-1.0,299707.0,0.0
4250,10307913.0,136374.2,10675595.8,0.0
1809,2950293.0,2954993.0,139569.0,0.0
1631,1290726.0,689538.0,970594.0,0.0
842,5801211.0,333495.0,5656728.0,0.0
1635,4210525.0,2340369.0,3075208.0,0.0
1247,221339230.0,3439277.0,220712228.0,0.0
1673,1275000.0,426499.0,1213406.0,0.0
1742,195638.0,93493.0,111712.0,0.0
1748,1537313.0,1612488.0,0.0,0.0
931,863755.0,863755.0,0.0,
1749,8122022.0,1131664.0,7387525.0,0.0
1728,824370.0,746909.0,313396.0,0.0
1736,4179038.0,2245671.0,2137722.0,0.0
1068,4032798.0,3421600.0,644106.0,0.0
5185,2125040.0,205332.51,2023621.49,0.0
1173,7726843.0,455898.0,7507890.0,0.0
1156,0.0,0.0,0.0,
5542,963923.0,1156708.0,0.0,
4047,4077356.0,3794315.55,482423.45,0.0
1052,2797428.0,0.0,2915339.0,0.0
1603,1722818666.0,508450521.36,1684626770.64,0.0
4147,10338.0,10485.0,359.0,0.0
4788,12858446.0,15430135.0,0.0,1.0
4737,123055.0,133987.59,13678.41,1.0
948,86625.0,17942.0,74988.0,0.0
5272,0.0,0.0,0.0,
1514,436568.0,561514.0,0.0,0.0
5611,0.0,0.0,0.0,
1075,1140053.0,0.0,1200974.0,0.0
1659,2566530.0,3263712.0,37359.0,0.0
1690,372906.0,479632.0,0.0,0.0
1783,2120979.0,2132889.0,91806.0,0.0
4862,571987.0,724516.0,0.0,1.0
4778,2405998.0,2656238.21,230959.79,10.0
999,4547876.0,1916.0,4733639.0,0.0
1031,700291.0,0.0,737538.0,0.0
5183,2125040.0,1741000.76,487954.24,0.0
1509,1118362.0,402014.0,980174.0,0.0
1625,823456.0,385603.0,632542.0,0.0
1235,617920.0,51328.0,596959.0,0.0
1313,1308925.0,358540.0,1311471.0,0.0
5310,3305827.0,1124800.67,2842190.33,0.0
1566,551968.0,482504.0,213494.0,0.0
1543,174078.0,89585.0,120370.0,0.0
1171,326326.0,8646.0,334584.0,0.0
4161,250622.0,11016.0,251861.0,0.0
4306,356168.0,286249.68,87335.32,0.0
4812,945971.0,1135166.0,0.0,6.0
1849,1727860.0,356960.0,1455392.0,0.0
1848,2269688.0,315647.0,2065029.0,0.0
1366,488822.0,186406.0,442317.0,0.0
5277,0.0,0.0,0.0,
4010,1103298.0,93546.0,1063703.0,0.0
5085,331166.0,347360.0,0.0,0.0
4150,1448666.0,733.0,1518773.0,0.0
1932,1169256.0,236063.0,990370.0,0.0
1007,0.0,0.0,0.0,
847,268763.0,0.0,287124.0,0.0
4318,4716114.0,1114148.98,3832583.02,0.0
4541,9118789.0,2991855.4,7646731.6,1.0
4309,6150492.0,297051.0,6154200.0,1.0
4230,1572835.0,80910.4,1568836.6,0.0
4639,993446.0,151249.93,1007770.07,1.0
1860,545175.0,108221.0,463613.0,0.0
1868,4862807.0,104002.0,4996596.0,0.0
1885,2428837.0,197253.0,2350354.0,0.0
1098,664095.0,0.0,698127.0,0.0
1412,5958498.0,2663039.0,4988421.0,0.0
4317,19690739.0,2852370.27,17801245.73,0.0
4781,104964036.0,125440124.81,516718.19,259.0
1546,2577785.0,1422049.0,1839971.0,0.0
4636,2794671.0,263787.03,2996661.97,3.0
1328,858458.0,215860.0,888289.0,0.0
1270,302466.0,69249.0,319783.0,0.0
1067,49616040.0,1738505.0,48584399.0,0.0
1126,2359308.0,745875.0,1669784.0,0.0
4012,6662752.0,518068.0,6470493.0,0.0
1760,320390.0,139138.0,196919.0,0.0
4612,2452480.0,2861225.0,0.0,0.0
1961,1917922.0,241712.0,1769996.0,0.0
1124,188873.0,36101.0,161442.0,0.0
4811,1245253.0,1448201.0,41508.0,5.0
875,289750.0,46747.0,263462.0,0.0
1667,128676.0,36936.0,128567.0,0.0
938,252317.0,41500.0,226998.0,0.0
1403,7562379.0,3004329.0,6709061.0,0.0
1063,668525.0,18668.0,685071.0,0.0
4130,1809123.0,70008.0,1827581.0,0.0
840,178228.0,42513.0,147735.0,0.0
4200,1235665.0,13990.0,1282099.0,0.0
1847,9544280.0,2896088.0,7114907.0,0.0
4315,12546741.0,5637441.96,7522835.04,0.0
4789,199374.0,239248.0,0.0,5.0
4765,964281.0,1157137.0,0.0,3.0
1676,21771250.0,11277421.0,16724761.0,0.0
1159,11343657.0,0.0,11695715.0,0.0
4238,9954910.0,237920.05,10203784.95,0.0
5323,0.0,0.0,0.0,
5330,0.0,0.0,0.0,
5337,0.0,0.0,0.0,
5342,0.0,0.0,0.0,
5351,0.0,0.0,0.0,
5352,0.0,0.0,0.0,
5355,0.0,0.0,0.0,
5359,0.0,0.0,0.0,
5360,0.0,0.0,0.0,
883,3321872.0,6232.0,3490736.0,0.0
5422,0.0,0.0,0.0,
1609,145510666.0,39764957.79,146249079.21,0.0
4395,3222514.0,227724.0,3639292.0,0.0
4753,552719.0,511225.93,152037.07,2.0
4451,27299089.0,3847777.18,28911129.82,0.0
1100,15063512.0,583637.0,14920704.0,0.0
4310,1065982.0,0.0,1118109.0,0.0
1152,1280067.0,287.0,1340653.0,0.0
1822,32941350.0,7548119.0,27004063.0,0.0
1301,296873.0,374035.0,7803.0,0.0
5187,0.0,0.0,0.0,
5449,1573104.0,1457076.77,430647.23,0.0
1329,2292570.0,1391397.0,1557307.0,0.0
4648,273435.0,227786.43,91219.57,0.0
5442,786552.0,752535.21,191326.79,1.0
4331,2697208.0,1158083.44,1671017.56,0.0
1962,265070.0,263032.0,15000.0,0.0
4151,1298050.0,973803.48,387721.52,0.0
5455,0.0,0.0,0.0,
4605,1066574.0,403165.8,841170.2,0.0
4455,632061.0,454595.12,303876.88,0.0
4152,6004820.0,4319046.62,1979409.38,0.0
4197,1299374.0,1085629.48,277283.52,0.0
1496,112320.0,144466.0,0.0,
4199,12896165.0,6834618.5,6692168.5,0.0
1132,598437.0,0.0,631471.0,0.0
1168,2588127.0,0.0,2697382.0,0.0
1936,1865960.0,1747676.0,209530.0,0.0
1299,6541624.0,2276739.0,6074584.0,0.0
858,126413.0,64988.0,66710.0,0.0
1547,825450.0,409684.0,630116.0,0.0
4400,55127849.0,20722137.17,45100514.83,1.0
5286,454432.0,365109.9,180208.1,0.0
889,372617.0,15000.0,381314.0,0.0
1022,778828.0,34231.0,782499.0,0.0
1451,567596.0,140255.0,560847.0,0.0
4166,32425893.0,1220340.03,32791178.97,0.0
1599,244884.0,297197.0,17773.0,0.0
4007,804911.0,27288.0,816983.0,0.0
5241,850016.0,196685.51,694896.49,0.0
4227,690156.0,89807.35,634097.65,0.0
5115,331166.0,338670.2,8689.8,0.0
4566,1316328.0,1033927.01,545665.99,0.0
4827,1543370549.0,1835677925.38,16366733.62,19.0
5547,963923.0,1156708.0,0.0,
4852,827966.0,620964.94,331195.06,3.0
4023,8789169.0,1826049.38,7392909.62,0.0
4046,12773052.0,3083818.75,10313835.25,0.0
850,0.0,0.0,0.0,
1958,2070010.0,2812.0,2168421.0,0.0
900,193763.0,0.0,209532.0,0.0
823,0.0,0.0,0.0,
4213,1363925.0,456744.85,973876.15,0.0
4385,2648467.0,3178160.0,0.0,0.0
4841,1485000.0,1782000.0,0.0,
930,1000364.0,0.0,1069416.0,0.0
4532,11163656.0,3273709.86,9750555.14,3.0
937,0.0,0.0,0.0,
1026,192744.0,0.0,205368.0,0.0
4534,9505523.0,9951271.14,1138505.86,0.0
1056,684329.0,562566.0,129530.0,0.0
949,0.0,0.0,0.0,
970,0.0,0.0,0.0,
1747,918936.0,470214.0,493658.0,0.0
5234,0.0,0.0,0.0,
5235,0.0,0.0,0.0,
5258,0.0,0.0,0.0,
5264,0.0,0.0,0.0,
4692,63327.0,67581.67,8410.33,2.0
4408,9991441.0,3734011.34,8215751.66,0.0
4627,655361.0,164021.48,600566.52,0.0
1850,2354500.0,1675169.0,794466.0,0.0
4657,918346.0,88180.01,1013834.99,0.0
828,1244240.0,0.0,1318742.0,0.0
1826,1762084.0,1684163.0,164087.0,0.0
1991,4624853.0,3321986.61,1529021.39,0.0
4021,44531876.0,11780027.25,34929457.75,0.0
4260,2637467.0,0.08,2766438.92,0.0
1245,2379953.0,260700.0,2204299.0,0.0
820,90061.0,2292.0,95048.0,0.0
1288,1422187.0,452746.0,1359545.0,0.0
1648,514228.0,285998.0,375402.0,0.0
1283,2857945.0,889819.0,2769144.0,0.0
4009,2164673.0,1889193.0,381333.0,0.0
1333,4784611.0,1475985.0,4661056.0,0.0
1900,1915501.0,201614.0,1807555.0,0.0
5391,0.0,0.0,0.0,
5408,0.0,0.0,0.0,
1921,4229616.0,2061957.0,2374487.0,0.0
5206,0.0,0.0,0.0,
4738,12418215.0,13809316.02,1092541.98,7.0
5267,0.0,0.0,0.0,
5318,0.0,0.0,0.0,
5321,0.0,0.0,0.0,
1990,1400977.0,1321920.0,147565.0,0.0
1622,624188.0,159222.0,643609.0,0.0
4182,6232862.0,485158.9,6052490.1,0.0
4764,8150650.0,9162855.0,617925.0,7.0
4441,7962944.0,2131302.22,7424230.78,2.0
1059,2402542.0,3918.0,2490888.0,0.0
4113,1212635.0,414017.0,857916.0,0.0
1295,10345765.0,3867645.0,9436261.0,0.0
4070,1485313.0,887504.0,670441.0,0.0
1084,0.0,0.0,0.0,
1337,950900.0,440967.0,782081.0,0.0
1873,2079101.0,1768711.52,412057.48,0.0
1889,2078615.0,175636.0,2004623.0,0.0
1096,5778201.0,0.0,5989016.0,0.0
4039,1228500.0,67943.0,1220631.0,0.0
4828,401369611.0,456667196.42,24976336.58,0.0
4641,1281777.0,1265971.01,229433.99,0.0
4509,10324911.0,1022136.2,11023593.8,0.0
4786,1964686.0,2357623.0,0.0,16.0
1694,5022844.0,1505920.0,4954462.0,0.0
955,24370305.0,4772254.0,20079433.0,0.0
4498,58663266.0,57084799.68,11355676.32,7.0
5602,0.0,0.0,0.0,
4604,964645.0,211136.0,914283.0,0.0
1069,20395992.0,634554.0,20273232.0,0.0
4768,12441839.0,14867205.0,63000.0,14.0
4453,447046.0,158889.87,375778.13,0.0
4597,2118597.0,929939.98,1541757.02,0.0
4303,2176650.0,95065.45,2188022.55,0.0
4506,53095594.0,10932052.85,51012806.15,6.0
1223,1738700.0,18616.0,1786788.0,0.0
1897,7695158.0,1410.07,8070040.93,0.0
4345,1193906.0,1073747.56,265140.44,0.0
5180,0.0,0.0,0.0,
5179,0.0,0.0,0.0,
1588,193073.0,123305.0,125025.0,0.0
4033,1555988.0,1014855.0,617221.0,0.0
952,520438.0,102.0,558252.0,0.0
982,1762500.0,80893.0,1788077.0,0.0
1954,7953571.0,976548.86,7365952.14,0.0
1259,1061398.0,0.0,1129100.0,0.0
4359,6063589.0,4122634.68,3129417.32,0.0
1867,3443029.0,902848.0,2708545.0,0.0
4048,3936242.0,620021.76,3508702.24,0.0
5490,3940444.0,4692680.13,35851.87,16.0
4330,1437665.0,17366.78,1490600.22,0.0
903,0.0,0.0,0.0,
4814,5332357.0,7109809.0,0.0,
4027,1608921.0,775371.42,912225.58,0.0
4694,8713967.0,8895852.5,1560907.5,13.0
4107,1070561.0,446769.25,676141.75,0.0
4796,59958735.0,70177511.47,1772970.53,40.0
4817,19719194.0,23663033.0,0.0,3.0
4212,1327144.0,1122164.03,269876.97,0.0
1894,11033039.0,9375122.0,2197433.0,0.0
5176,0.0,0.0,0.0,
5173,0.0,0.0,0.0,
5171,0.0,0.0,0.0,
4584,11560627.0,8600605.32,4886792.68,0.0
5172,0.0,0.0,0.0,
1526,1362737.0,413660.0,1322215.0,0.0
4611,572959467.0,599004132.25,69448578.75,139.0
1429,496952.0,117906.0,513181.0,0.0
4076,1578803.0,78757.0,1577249.0,0.0
4468,24829818.0,20068107.09,9727673.91,0.0
1268,111075.0,22513.0,120352.0,0.0
1351,98184.0,27696.0,98588.0,0.0
4757,64804401.0,77186966.48,578313.52,30.0
1700,1094478.0,747684.0,660034.0,0.0
1619,288873.0,244149.0,127399.0,0.0
4285,83681046.0,28479287.77,59293761.23,0.0
1904,2359152.0,1791118.0,683397.0,0.0
4799,930168.0,1074440.35,41760.65,5.0
5175,0.0,0.0,0.0,
4106,4612581.0,1857326.67,2980809.33,0.0
1256,624060.0,0.0,645473.0,0.0
1416,2797158.0,1477783.0,2119922.0,0.0
1800,13339796.0,3132854.88,10859257.12,0.0
4599,2574986.0,788654.71,2215495.29,2.0
4854,7902924.0,9483509.0,0.0,
4805,10860418.0,12800002.0,232500.0,18.0
1469,202306.0,167795.0,92411.0,0.0
1086,0.0,0.0,0.0,
1278,116847.0,36335.0,113954.0,0.0
1242,1593447.0,143708.0,1514019.0,0.0
5597,0.0,0.0,0.0,
1368,1007808.0,775103.0,521140.0,0.0
944,442248.0,0.0,472177.0,0.0
1513,229725.0,126311.0,161341.0,0.0
841,29456493.0,12344657.0,17476958.0,0.0
1248,1625417.0,669703.0,996958.0,0.0
1681,3280745.0,1343505.0,2866338.0,0.0
1633,912416.0,420904.0,751110.0,0.0
1722,273823.0,192903.0,159288.0,0.0
1729,3186416.0,1390068.0,2708300.0,0.0
1228,1615020.0,42725.0,1649468.0,0.0
4720,66687603.0,41966552.85,38058570.15,19.0
4131,2039516.0,448500.52,1690747.48,0.0
1184,957492.0,51583.0,956142.0,0.0
1569,607510.0,141116.0,614553.0,0.0
4826,2589040.0,3106848.0,0.0,
1772,938765.0,205553.0,779118.0,0.0
4360,13763851.0,4446058.64,12070562.36,0.0
5499,5253928.0,6304714.0,0.0,19.0
4283,48832037.0,11318935.15,39900988.85,0.0
4734,217094931.0,251996223.66,8517693.34,157.0
4820,6669528.0,8003433.0,0.0,
4467,596719.0,487988.47,195090.53,0.0
4819,25823218.0,30987862.0,0.0,30.0
4797,9019122.0,10060896.52,762050.48,11.0
4327,765723.0,161557.01,750369.99,0.0
1101,421569.0,46342.0,397162.0,0.0
1530,1310604.0,452055.0,1233644.0,0.0
1563,520823.0,263172.0,406711.0,0.0
1653,199751.0,204420.0,52500.0,0.0
1704,86280.0,79441.0,31532.0,0.0
4141,1143561.0,262724.0,936757.0,0.0
990,77186.0,4280.0,79599.0,0.0
1933,16003899.0,5607386.0,11179104.0,0.0
981,893032.0,337722.0,595347.0,0.0
1172,964914.0,0.0,1009556.0,0.0
1079,4991965.0,39342.0,5138994.0,0.0
896,227162.0,4162.0,237354.0,0.0
5266,0.0,0.0,0.0,
852,1370360.0,173058.0,1273006.0,0.0
822,208709.0,2604.0,221682.0,0.0
1432,817188.0,372613.0,662196.0,0.0
1719,4164059.0,2083410.0,3247237.0,0.0
5398,0.0,0.0,0.0,
5397,0.0,0.0,0.0,
5401,0.0,0.0,0.0,
5410,0.0,0.0,0.0,
5411,0.0,0.0,0.0,
5414,0.0,0.0,0.0,
5415,0.0,0.0,0.0,
5200,0.0,0.0,0.0,
5253,0.0,0.0,0.0,
5254,0.0,0.0,0.0,
5257,0.0,0.0,0.0,
5261,0.0,0.0,0.0,
5273,0.0,0.0,0.0,
5271,0.0,0.0,0.0,
5270,0.0,0.0,0.0,
5269,0.0,0.0,0.0,
4384,0.0,0.0,0.0,
922,70616.0,0.0,76674.0,0.0
1332,3318014.0,1107060.0,3154896.0,0.0
1284,609044.0,140880.0,641581.0,0.0
1944,793713.0,183980.0,648546.0,0.0
1966,1627060.0,25339.0,1681284.0,0.0
1023,365063.0,0.0,386048.0,0.0
1253,2027055.0,0.0,2116175.0,0.0
945,74577.0,1460.0,79353.0,0.0
843,10675000.0,0.0,11090956.0,1.0
5375,0.0,0.0,0.0,
972,286328.0,57229.0,246296.0,0.0
916,76773.0,0.0,83820.0,0.0
1129,20685837.0,490416.0,20591747.0,0.0
1037,866700.0,83287.0,827383.0,0.0
1115,1854600.0,0.0,1939147.0,0.0
1060,393000.0,0.0,415540.0,0.0
1137,2000000.0,0.0,2087889.0,0.0
1229,2191003.0,245458.0,2031255.0,0.0
1141,861406.0,22.0,911493.0,0.0
1062,4845060.0,123942.0,4906246.0,0.0
1043,445383.0,32250.0,434224.0,0.0
1035,4151648.0,123708.0,4175022.0,0.0
851,0.0,0.0,0.0,
862,0.0,0.0,0.0,
1074,1930494.0,2271.0,2025216.0,0.0
966,155470.0,74194.0,93543.0,0.0
1258,2594467.0,99718.0,2546649.0,0.0
995,30451013.0,0.0,31426242.0,0.0
1006,1047261.0,0.0,1105536.0,0.0
989,0.0,0.0,0.0,
867,635366.0,623.0,671482.0,0.0
5240,0.0,0.0,0.0,
881,414000.0,0.0,442062.0,0.0
1243,630841.0,79051.0,580602.0,0.0
1140,688251.0,647887.0,43238.0,0.0
837,270175.0,64825.0,220678.0,0.0
1170,369013.0,101.0,389318.0,0.0
1188,10156932.0,1656731.0,8720293.0,0.0
946,0.0,0.0,0.0,0.0
824,320484.0,137227.0,201496.0,0.0
1206,476631.0,0.0,501148.0,0.0
1145,298688.0,71029.0,240425.0,0.0
1189,358416.0,256947.0,108279.0,0.0
959,19434.0,0.0,21218.0,0.0
1131,318395.0,48411.0,285451.0,0.0
877,0.0,0.0,0.0,
963,188187.0,0.0,203047.0,0.0
878,63245.0,63245.0,0.0,0.0
1053,3810338.0,528706.0,3390112.0,0.0
941,311708.0,19770.0,311708.0,0.0
1110,421005.0,0.0,444508.0,0.0
871,424143.0,0.0,451951.0,0.0
860,0.0,0.0,0.0,
1112,3649423.0,229141.0,3533466.0,0.0
1187,1841385.0,499.0,1925860.0,0.0
1078,559718.0,2023.0,587058.0,0.0
1158,0.0,0.0,0.0,
993,12974353.0,991579.0,12151781.0,0.0
1116,1204423.0,396073.0,868407.0,0.0
1151,1870010.0,56808.0,1900148.0,0.0
929,725943.0,65939.0,704328.0,0.0
1175,34816457.0,2378720.0,33128374.0,0.0
1225,4018116.0,682765.0,3462584.0,0.0
973,2061868.0,457771.0,1706576.0,0.0
1088,0.0,0.0,0.0,
936,250736.0,105461.0,157301.0,0.0
1091,0.0,0.0,0.0,
913,285899.0,0.0,308329.0,0.0
912,54342.0,0.0,59241.0,0.0
964,198369.0,0.0,213355.0,0.0
5465,0.0,0.0,0.0,
1238,3337816.0,381.0,3466236.0,0.0
1180,4793630.0,87622.0,4867931.0,0.0
1236,1471849.0,54241.0,1488053.0,0.0
